id,server_url,timestamp,salt
1,https://www.google.com/accounts/o8/ud,1266547006,JnDfwiim_BwNQA
2,https://www.google.com/accounts/o8/ud,1266726992,mW7f_GtEf6wkDw
3,https://www.google.com/accounts/o8/ud,1266727284,QWRqrZ3tiRs8zw
4,https://www.google.com/accounts/o8/ud,1266727412,QHS5i_a45R2-TA
5,https://www.google.com/accounts/o8/ud,1266727626,NARA3suX4UOf1A
6,https://www.google.com/accounts/o8/ud,1266795185,9RgOYZLIpe8C-A
7,https://www.google.com/accounts/o8/ud,1266940581,wKdT2L3saAKoGA
8,https://www.google.com/accounts/o8/ud,1267197203,ELUoukuXbQuQDQ
9,https://www.google.com/accounts/o8/ud,1267278175,b2fQe2cfVPCAUQ
10,https://www.google.com/accounts/o8/ud,1267278182,6_9R5lvGxDOFdw
11,https://www.google.com/accounts/o8/ud,1267551015,rwNwsvK8G79V-A
12,https://www.google.com/accounts/o8/ud,1267623944,m447OKY7cIQxyA
13,https://www.google.com/accounts/o8/ud,1267624167,BhqM85XEbTAwIQ
14,https://www.google.com/accounts/o8/ud,1267624294,gb64OJHWPbDOzA
15,https://www.google.com/accounts/o8/ud,1267624823,clsASh1_tawfcw
16,https://www.google.com/accounts/o8/ud,1267835204,Ro1hyo8ufVPuPw
17,https://www.google.com/accounts/o8/ud,1268029365,clyiJC7Aj-l-cQ
18,https://www.google.com/accounts/o8/ud,1268085667,_usnsr66b57izA
19,https://www.google.com/accounts/o8/ud,1268158752,ePnU24Jfogp_4A
20,https://www.google.com/accounts/o8/ud,1268158753,Pytdv-K45JswnA
21,https://www.google.com/accounts/o8/ud,1268158755,9sfQKk--yqDhUw
22,https://www.google.com/accounts/o8/ud,1268158768,lDnOVE7R-8WT7Q
23,https://www.google.com/accounts/o8/ud,1268160550,HS7OgTW87yxsUg
24,https://www.google.com/accounts/o8/ud,1268160607,NQJZujKqe69jww
25,https://www.google.com/accounts/o8/ud,1268160791,8_hDRP_95BadOg
26,https://www.google.com/accounts/o8/ud,1268161486,ZKnjKEAAMIrZ4A
27,https://www.google.com/accounts/o8/ud,1268184941,aJt-87N_wAfo1A
28,https://www.google.com/accounts/o8/ud,1268188521,TgoK98XgTxtU6w
29,https://www.google.com/accounts/o8/ud,1268429218,jbTo3xfEkZEjCw
30,https://www.google.com/accounts/o8/ud,1268429228,syBEHG37bFWW2g
31,https://www.google.com/accounts/o8/ud,1268665834,9_KEHFLKr40K3w
32,https://www.google.com/accounts/o8/ud,1268692489,dKKtmPU5H5TomA
33,https://www.google.com/accounts/o8/ud,1268753533,h6GZSWe4cPo3Tg
34,https://www.google.com/accounts/o8/ud,1268760931,X30-uMS63Rluew
35,https://www.google.com/accounts/o8/ud,1268760948,PW1-lHlKkYurLw
36,https://www.google.com/accounts/o8/ud,1268761841,6806yGle89FKDg
37,https://www.google.com/accounts/o8/ud,1268766804,1fxhVxysxICmBA
38,https://www.google.com/accounts/o8/ud,1268767124,Pr82E2p-yByJcw
39,https://www.google.com/accounts/o8/ud,1270750095,JNxHx_MqgPjTuw
40,https://www.google.com/accounts/o8/ud,1270756302,4EZWvq4XyNgOPA
41,https://www.google.com/accounts/o8/ud,1270764513,8F_S_J8QMeyTpQ
42,https://www.google.com/accounts/o8/ud,1271100171,XRU5LHSg2uNhCA
43,https://www.google.com/accounts/o8/ud,1271100357,c7xOVz8K5pDTkg
44,https://www.google.com/accounts/o8/ud,1271101395,qgQReahYnU-s0w
45,https://www.google.com/accounts/o8/ud,1271185208,-n1uNpkCjSMCJw
46,https://www.google.com/accounts/o8/ud,1271461995,wpi6DZ4qRR7otQ
47,https://www.google.com/accounts/o8/ud,1271800144,f_YoietCFJS2iQ
48,https://www.google.com/accounts/o8/ud,1271800169,jDj1Vsry462rng
49,https://www.google.com/accounts/o8/ud,1271800230,iiTHb9u3BwxuQA
50,https://www.google.com/accounts/o8/ud,1271800694,8OZ04PyroY8bXA
51,https://www.google.com/accounts/o8/ud,1271800721,Wl88xtjMGylKAw
52,https://www.google.com/accounts/o8/ud,1272302421,oLs_PbuQBYXAow
53,https://www.google.com/accounts/o8/ud,1272303323,Nl_oLM6g9lGiLw
54,https://www.google.com/accounts/o8/ud,1272303579,DYQjEoOjWYVttA
55,https://www.google.com/accounts/o8/ud,1272314233,pLmGRwhxPQ_gDw
56,https://www.google.com/accounts/o8/ud,1272478646,9jklFqQJKbWeGQ
57,https://www.google.com/accounts/o8/ud,1272558946,d2gZ9C7sikQO9Q
58,https://www.google.com/accounts/o8/ud,1272582896,IkBy_MinTb9NNw
59,https://www.google.com/accounts/o8/ud,1272648072,UuCi_Q84V4ynIg
60,https://www.google.com/accounts/o8/ud,1272648555,leK7fWyLBj8XUQ
61,https://www.google.com/accounts/o8/ud,1272943461,A-Y2qRhGfocl1A
62,https://www.google.com/accounts/o8/ud,1273499553,YgrQIvCvzym_sg
63,https://www.google.com/accounts/o8/ud,1273585301,4rWDmiuRkcrNMg
64,https://www.google.com/accounts/o8/ud,1273585972,XKWJXERZL2BSsg
65,https://www.google.com/accounts/o8/ud,1274306775,JgM_X6byL1gFjw
66,https://www.google.com/accounts/o8/ud,1274394003,xnP2mWpIrB5zBQ
67,https://www.google.com/accounts/o8/ud,1274394020,GFfBxUiPZi3MyA
68,https://www.google.com/accounts/o8/ud,1274394033,_oMOcWCrqqrHpg
69,https://www.google.com/accounts/o8/ud,1274394048,uZAfQtTjaHsU2w
70,https://www.google.com/accounts/o8/ud,1274394198,REgGlOuuPfRuoQ
71,https://www.google.com/accounts/o8/ud,1274394202,pMx0IfBQm6jLNA
72,https://www.google.com/accounts/o8/ud,1274802195,6_KjtmWXs0Wklw
73,https://www.google.com/accounts/o8/ud,1274802249,Y_vi6UtNan8xTA
74,https://www.google.com/accounts/o8/ud,1274847739,pj0XbJh5Tqi1Gw
75,https://www.google.com/accounts/o8/ud,1274899716,MwKRmB9V-Ei2gw
76,https://www.google.com/accounts/o8/ud,1274911909,yhhQwg4Xx9BTsQ
77,https://www.google.com/accounts/o8/ud,1275263926,SMOd7V0HKrYXPA
78,https://www.google.com/accounts/o8/ud,1275331946,2f-m8lvMEHfWsQ
79,https://www.google.com/accounts/o8/ud,1275401445,V7uJAuH1hJfyDw
80,https://www.google.com/accounts/o8/ud,1275495498,CDRFCiBeZBUsvQ
81,https://www.google.com/accounts/o8/ud,1275515074,yyoladnC_Jfn1Q
82,https://www.google.com/accounts/o8/ud,1275515142,U82arlXfbKdnFw
83,https://www.google.com/accounts/o8/ud,1275667395,Ua21EXj90bbWAQ
84,https://www.google.com/accounts/o8/ud,1276011236,idBO4YRAph4fiw
85,https://www.google.com/accounts/o8/ud,1276011315,34AEuab4XxXfeQ
86,https://www.google.com/accounts/o8/ud,1276292642,6ad-JZb4h45maQ
87,https://www.google.com/accounts/o8/ud,1276365008,Js3uLypZR1K47Q
88,https://www.google.com/accounts/o8/ud,1276700708,f1S8P8X9GK_AGQ
89,https://www.google.com/accounts/o8/ud,1277238314,fevtxMgSwSUiJg
90,https://www.google.com/accounts/o8/ud,1277336062,ftbJIHJipS4ScQ
91,https://www.google.com/accounts/o8/ud,1277340880,bRu3u9EhkYmmtg
92,https://www.google.com/accounts/o8/ud,1277758135,o_Qvg_ixXAr41g
93,https://www.google.com/accounts/o8/ud,1277822926,zDw77ueuUr4OUg
94,https://www.google.com/accounts/o8/ud,1277920215,OlfQFAK--5FLFw
95,https://www.google.com/accounts/o8/ud,1277920697,3s_pFuECAPi1qg
96,https://www.google.com/accounts/o8/ud,1278021378,EXJBFO7lx8kxVw
97,https://www.google.com/accounts/o8/ud,1278135517,JTcwXdB1j3CShw
98,https://www.google.com/accounts/o8/ud,1278539169,1YVJaGbGOOs3Kg
99,https://www.google.com/accounts/o8/ud,1278539210,gZDGDC4Cul-CGw
100,https://www.google.com/accounts/o8/ud,1278614039,0HJHAvDWpBgAkg
101,https://www.google.com/accounts/o8/ud,1279221425,peYpf2x4NfN9gA
102,https://www.google.com/accounts/o8/ud,1279221435,E9oDTjFaixffhA
103,https://www.google.com/accounts/o8/ud,1279896356,dz9w0-dW8PIErA
104,https://www.google.com/accounts/o8/ud,1280684267,7NjP62pkZ65umw
105,https://www.google.com/accounts/o8/ud,1280726373,jsFrkM1DaPMVqQ
106,https://www.google.com/accounts/o8/ud,1281482312,t1YvON7-G0TZHA
107,https://www.google.com/accounts/o8/ud,1281536673,26-UUvsWczFCRw
108,https://www.google.com/accounts/o8/ud,1282399112,LZOBpbhQvfQorw
109,https://www.google.com/accounts/o8/ud,1282412210,aXAvLSKNL8nv0w
110,https://www.google.com/accounts/o8/ud,1282576507,XdVfDer6m9co1g
111,https://www.google.com/accounts/o8/ud,1282789575,c9AOlb0wyh9N0Q
112,https://www.google.com/accounts/o8/ud,1282869191,L3a5IzUTl-uKew
113,https://www.google.com/accounts/o8/ud,1283011378,BK9kPIfYa8Haiw
114,https://www.google.com/accounts/o8/ud,1283353205,pRBiYQ2mFZsXcw
115,https://www.google.com/accounts/o8/ud,1284044933,u5rf_QJsGj_GGQ
116,https://www.google.com/accounts/o8/ud,1284229079,AlmtSjwYXBaz9A
117,https://www.google.com/accounts/o8/ud,1284253368,aUeRVYoFdYXoiw
118,https://www.google.com/accounts/o8/ud,1284333653,CIDRjiJ6vzw8Jw
119,https://www.google.com/accounts/o8/ud,1284346485,v9zKB-ls8R_2Ww
120,https://www.google.com/accounts/o8/ud,1284347705,AkF99G30sbOHNg
121,https://www.google.com/accounts/o8/ud,1284395444,vkj8On_d7Z3Tgg
122,https://www.google.com/accounts/o8/ud,1284396037,1Yatxm8v2du5Lw
123,https://www.google.com/accounts/o8/ud,1284480533,6ixlVYBgb2LZpw
124,https://www.google.com/accounts/o8/ud,1284480672,Aw96NpIqSW6IFg
125,https://www.google.com/accounts/o8/ud,1284558150,GGPkKN18mXrriA
126,https://www.google.com/accounts/o8/ud,1284662767,rjEL6ZULHLBcAg
127,https://www.google.com/accounts/o8/ud,1285083966,nbWgkYdRNz_CFg
128,https://www.google.com/accounts/o8/ud,1285195597,9DSprULEncDI0Q
129,https://www.google.com/accounts/o8/ud,1285599548,F1XkWQcmeauwbQ
130,https://www.google.com/accounts/o8/ud,1285685135,gXoitkojj_u8Fw
131,https://www.google.com/accounts/o8/ud,1285685308,TqllKQa7mqLY7w
132,https://www.google.com/accounts/o8/ud,1286058878,7QcHvb7Q4RRbCQ
133,https://www.google.com/accounts/o8/ud,1286124285,iBzwB5oov-dpgA
134,https://www.google.com/accounts/o8/ud,1286240181,xItyQiRwFUUwiw
135,https://www.google.com/accounts/o8/ud,1286240654,-ORVKEagiA6dLA
136,https://www.google.com/accounts/o8/ud,1286648264,if-FrFoobzkrMg
137,https://www.google.com/accounts/o8/ud,1286895389,RLCT1ZzkLRUvJA
138,https://www.google.com/accounts/o8/ud,1286979615,Wtf1udtFe6Oh0A
139,https://www.google.com/accounts/o8/ud,1286981762,N4tK_mMlDMdJBw
140,https://www.google.com/accounts/o8/ud,1287160572,aJKOyOvEQceMdg
141,https://www.google.com/accounts/o8/ud,1287166364,WvkHyvQnW04sqA
142,https://www.google.com/accounts/o8/ud,1287320861,Pn7g5O7GSTCo1g
143,https://www.google.com/accounts/o8/ud,1287696645,tbXaEEEyTJkTYg
144,https://www.google.com/accounts/o8/ud,1288479734,822MoAPxmWtW3g
145,https://www.google.com/accounts/o8/ud,1288484864,jUioad7QpyIOpw
146,https://www.google.com/accounts/o8/ud,1288736503,2DyzBXq3DYA56w
147,https://www.google.com/accounts/o8/ud,1288905934,PU4pe4OODNeD1g
148,https://www.google.com/accounts/o8/ud,1288990828,8KhcWEYPkLKAJw
149,https://www.google.com/accounts/o8/ud,1289264301,DlxxyO0pYpmeNg
150,https://www.google.com/accounts/o8/ud,1289312607,O8A-kCQXogSmCA
151,https://www.google.com/accounts/o8/ud,1289316689,FV4Kr2kteFC7wA
152,https://www.google.com/accounts/o8/ud,1289322831,u3aZHcS8CrYuiQ
153,https://www.google.com/accounts/o8/ud,1289924918,9O9Gk5QC7bsKJA
154,https://www.google.com/accounts/o8/ud,1290441669,cmxb6HktsjjjzA
155,https://www.google.com/accounts/o8/ud,1290460063,bnLZDT3haYw0Hg
156,https://www.google.com/accounts/o8/ud,1290461876,CGzrJxe51qCMnQ
157,https://www.google.com/accounts/o8/ud,1290534139,5O_ZymjYpaWRtA
158,https://www.google.com/accounts/o8/ud,1290695087,GMKoR5xI_TdbHA
159,https://www.google.com/accounts/o8/ud,1291312782,TbFYrwNkmaS2CQ
160,https://www.google.com/accounts/o8/ud,1291320464,gds3Glu7wgjqgw
161,https://www.google.com/accounts/o8/ud,1291650112,UAhnn_KJ-uk63g
162,https://www.google.com/accounts/o8/ud,1291741018,lsFwEVyW8gDQjg
163,https://www.google.com/accounts/o8/ud,1291760445,OZRKr8mdVXgkwg
164,https://www.google.com/accounts/o8/ud,1292075810,W2OZKSEgL77UAw
165,https://www.google.com/accounts/o8/ud,1292181836,Rz7d9kAnMvLs4g
166,https://www.google.com/accounts/o8/ud,1292441636,VEocG5oXO_WaOw
167,https://www.google.com/accounts/o8/ud,1292444545,O3N_aYFVOOO9IQ
168,https://www.google.com/accounts/o8/ud,1292539794,lw_vU-kYsT1AuA
169,https://www.google.com/accounts/o8/ud,1292540865,1TiMlJ7fU4CTZQ
170,https://www.google.com/accounts/o8/ud,1292599684,woWtXoEvJWZ0bA
171,https://www.google.com/accounts/o8/ud,1294065410,hxAbDEwXzs34tg
172,https://www.google.com/accounts/o8/ud,1294086345,53EvsdOqviuhLQ
173,https://www.google.com/accounts/o8/ud,1294157726,DqTBMzI8lleeDA
174,https://www.google.com/accounts/o8/ud,1294158956,pMuApmcdR99g5Q
175,https://www.google.com/accounts/o8/ud,1294172724,dqEEVNvB_X9zbA
176,https://www.google.com/accounts/o8/ud,1294173146,8irrF2tOr4lbRg
177,https://www.google.com/accounts/o8/ud,1294174308,nFoXPjTSTBjJwg
178,https://www.google.com/accounts/o8/ud,1295278119,_cw2fdIKu7STZA
179,https://www.google.com/accounts/o8/ud,1295570588,Q_tQJ1aAWK5wtA
180,https://www.google.com/accounts/o8/ud,1295626400,YVihyLau1f8GOQ
181,https://www.google.com/accounts/o8/ud,1295646239,_0AhjzxPEJA7pw
182,https://www.google.com/accounts/o8/ud,1295900378,eN6GlN09qGawEw
183,https://www.google.com/accounts/o8/ud,1296188260,Qx0BoShBVqfxDw
184,https://www.google.com/accounts/o8/ud,1296577877,gPZ61_7U3nA0nA
185,https://www.google.com/accounts/o8/ud,1297032613,cYNhzS7P4eEQQw
186,https://www.google.com/accounts/o8/ud,1297085280,HN4346OSOeIjtw
187,https://www.google.com/accounts/o8/ud,1297261441,cA9dNv6cmo2MtQ
188,https://www.google.com/accounts/o8/ud,1297268198,0WtO-0QjzWL30g
189,https://www.google.com/accounts/o8/ud,1297545541,7JjsEcncGqc1Kg
190,https://www.google.com/accounts/o8/ud,1297615178,Ic-orpAofSXL0Q
191,https://www.google.com/accounts/o8/ud,1297695710,TJM8phpRKroS1w
192,https://www.google.com/accounts/o8/ud,1298392402,WqIwo5yup0iQLA
193,https://www.google.com/accounts/o8/ud,1298467684,NTfIotTEhNbyDQ
194,https://www.google.com/accounts/o8/ud,1298521861,FoXolYd-Tgwy4g
195,https://www.google.com/accounts/o8/ud,1298646637,4mwPiuZMhymdKA
196,https://www.google.com/accounts/o8/ud,1298903671,1-t8OPJ3szCWYw
197,https://www.google.com/accounts/o8/ud,1298905072,OMN3yeUpTvmPjQ
198,https://www.google.com/accounts/o8/ud,1298952805,ZPvUmL4bHejLUw
199,https://www.google.com/accounts/o8/ud,1299064415,eb27d7w64pXjzg
200,https://www.google.com/accounts/o8/ud,1299252538,BAU0IOpD0phUnQ
201,https://www.google.com/accounts/o8/ud,1299364481,F3vnuR6bSTMMqw
202,https://www.google.com/accounts/o8/ud,1300235753,IJnbLB7jz0dsFg
203,https://www.google.com/accounts/o8/ud,1300662475,p-QTWjQvaHBE4w
204,https://www.google.com/accounts/o8/ud,1301014535,XIF2tPp-pvS8ng
205,https://www.google.com/accounts/o8/ud,1301074617,FnZCXwcEPH0Vgw
206,https://www.google.com/accounts/o8/ud,1301360433,IcYOrpuAMVnvog
207,https://www.google.com/accounts/o8/ud,1301372188,Comlp6QG2Rc4mg
208,https://www.google.com/accounts/o8/ud,1302011091,0ovcEemooQkVGw
209,https://www.google.com/accounts/o8/ud,1302846168,aocz5qCohef1oQ
210,https://www.google.com/accounts/o8/ud,1303010408,EnAV8M4jfaMznw
211,https://www.google.com/accounts/o8/ud,1303854931,IVRztXfq6vtNcA
212,https://www.google.com/accounts/o8/ud,1304128543,gP5i1uXRg6FtAg
213,https://www.google.com/accounts/o8/ud,1304454748,5H1ydRAJT7NAIw
214,https://www.google.com/accounts/o8/ud,1304455253,xKyV6QTgaVL2iQ
215,https://www.google.com/accounts/o8/ud,1304828995,ZHdkANcTjZB3VQ
216,https://www.google.com/accounts/o8/ud,1304978177,EVQimwtaZl0csQ
217,https://www.google.com/accounts/o8/ud,1304983837,u6_pj9tufL1wLQ
218,https://www.google.com/accounts/o8/ud,1305078312,I-mqDTnH_yBkEg
219,https://www.google.com/accounts/o8/ud,1305300388,VNrnmUbnA74sBw
220,https://www.google.com/accounts/o8/ud,1305498293,flQgFjUOm4KlLg
221,https://www.google.com/accounts/o8/ud,1305500259,GjZMLElcLWuoug
222,https://www.google.com/accounts/o8/ud,1305500592,lVGlhgG2Xuw3rA
223,https://www.google.com/accounts/o8/ud,1305557151,m_VIeMWVhPx1qQ
224,https://www.google.com/accounts/o8/ud,1305557154,0TMNq8MzE1U59Q
225,https://www.google.com/accounts/o8/ud,1305932457,uFopU9mujsdCjQ
226,https://www.google.com/accounts/o8/ud,1306239680,TSRRmlq6mhTscw
227,https://www.google.com/accounts/o8/ud,1306772719,2if2aCELwkg6nQ
228,https://www.google.com/accounts/o8/ud,1306855312,RTaV-oc7Kw36Vg
229,https://www.google.com/accounts/o8/ud,1306942693,CLylXCaaGUyZJA
230,https://www.google.com/accounts/o8/ud,1306954324,d1e4MHC5xUiwsw
231,https://www.google.com/accounts/o8/ud,1307465868,gN879RIwBsEHqQ
232,https://www.google.com/accounts/o8/ud,1307627784,QGcGtJL6S5eqCg
233,https://www.google.com/accounts/o8/ud,1307703513,5JQNJrBBDAptqw
234,https://www.google.com/accounts/o8/ud,1307763429,-JEjRR9luO_0nw
235,https://www.google.com/accounts/o8/ud,1307798842,tVL2k66QYPTtjQ
236,https://www.google.com/accounts/o8/ud,1307843134,SXVQIFGFaKJdpw
237,https://www.google.com/accounts/o8/ud,1307891668,-5pV0Ly3A3ChiQ
238,https://www.google.com/accounts/o8/ud,1308060768,hrfo27Y6gaNTIg
239,https://www.google.com/accounts/o8/ud,1308089811,rf10GfumpBHA7w
240,https://www.google.com/accounts/o8/ud,1308163154,FPAIKM83LXebtw
241,https://www.google.com/accounts/o8/ud,1308228478,v5evDEwrhG0JOQ
242,https://www.google.com/accounts/o8/ud,1308440530,ga7Md-zQmuW_MA
243,https://www.google.com/accounts/o8/ud,1308588890,V7TnZSRlQOUTOQ
244,https://www.google.com/accounts/o8/ud,1308669691,TaadpOon-rzRCw
245,https://www.google.com/accounts/o8/ud,1309135810,HUYGHHTIHCSkOw
246,https://www.google.com/accounts/o8/ud,1309137808,1Rc_yEhn6Yqrig
247,https://www.google.com/accounts/o8/ud,1309137932,V4gq-gKE_6BhLQ
248,https://www.google.com/accounts/o8/ud,1309138904,PWpxrPqeIo_QTA
249,https://www.google.com/accounts/o8/ud,1309322842,OvVTmRLsYTWL_w
250,https://www.google.com/accounts/o8/ud,1309459837,6CXKhAxKdIrh0A
251,https://www.google.com/accounts/o8/ud,1309533937,g4vY4Jk81mHO8g
252,https://www.google.com/accounts/o8/ud,1309534845,3MTqRgXPZUAaXw
253,https://www.google.com/accounts/o8/ud,1309973022,yl-C3an8WVw7cQ
254,https://www.google.com/accounts/o8/ud,1310049254,PJI-smVMjYge-w
255,https://www.google.com/accounts/o8/ud,1310403047,Iv0RNCohvaTXxA
256,https://www.google.com/accounts/o8/ud,1310441574,Z4tXF-141cSrfg
257,https://www.google.com/accounts/o8/ud,1311085299,03vpyN8sanYdAQ
258,https://www.google.com/accounts/o8/ud,1311375956,R1UG-W8znkdgyQ
259,https://www.google.com/accounts/o8/ud,1311499660,90gvYTLLKgORkQ
260,https://www.google.com/accounts/o8/ud,1311556160,CuIoI7R8NpwXsA
261,https://www.google.com/accounts/o8/ud,1311803202,CUChNdUKQnIPVA
262,https://www.google.com/accounts/o8/ud,1311804810,GRUEYVRXzsj48w
263,https://www.google.com/accounts/o8/ud,1312148493,sKWmmGiz_NH4oA
264,https://www.google.com/accounts/o8/ud,1312514545,5ve9S_ZQnKEopg
265,https://www.google.com/accounts/o8/ud,1312776194,pK0kWNVBgrXWlA
266,https://www.google.com/accounts/o8/ud,1312818913,eQRdCGF9qK_qfw
267,https://www.google.com/accounts/o8/ud,1312837947,XIi26cwVXQcG7g
268,https://www.google.com/accounts/o8/ud,1312926504,ez1JwMLsyGNVTQ
269,https://www.google.com/accounts/o8/ud,1313030523,9i9U68zzc4rKWg
270,https://www.google.com/accounts/o8/ud,1313089085,VJK3PIVM0q6B2Q
271,https://www.google.com/accounts/o8/ud,1313102447,cVgRvbf-Bbg4AA
272,https://www.google.com/accounts/o8/ud,1313200033,Jre9J0MY1z0jjQ
273,https://www.google.com/accounts/o8/ud,1313442910,uVigaJG2gsGEGw
274,https://www.google.com/accounts/o8/ud,1313470572,49knWci3zseCLQ
275,https://www.google.com/accounts/o8/ud,1314044564,BvYOiVnnQlYLyw
276,https://www.google.com/accounts/o8/ud,1314052627,MeeEoHoCc2ZiUg
277,https://www.google.com/accounts/o8/ud,1314168935,aHPplKvHfp_ojg
278,https://www.google.com/accounts/o8/ud,1314297785,QPrYWnBG7YgBsg
279,https://www.google.com/accounts/o8/ud,1314397650,4uNwXvPYf5_kcA
280,https://www.google.com/accounts/o8/ud,1314424889,U3GBvJid7ziIBg
281,https://www.google.com/accounts/o8/ud,1314490839,_FUZ2dS0R6ED9g
282,https://www.google.com/accounts/o8/ud,1314569347,kh2Eg-kIkMkPxw
283,https://www.google.com/accounts/o8/ud,1315151827,khq5vrPPYSDsEA
284,https://www.google.com/accounts/o8/ud,1315370281,7XDjkxjFj6Lqfg
285,https://www.google.com/accounts/o8/ud,1315411898,nDI2NLuu_tTprQ
286,https://www.google.com/accounts/o8/ud,1315412433,i6iVOWFNlz9R0w
287,https://www.google.com/accounts/o8/ud,1315597357,yku4yDM_Rse_9w
288,https://www.google.com/accounts/o8/ud,1315608324,CX-E5wotSUXKoQ
289,https://www.google.com/accounts/o8/ud,1315609187,WgBWh0EY9f8Khw
290,https://www.google.com/accounts/o8/ud,1315770149,V5X-V6o17oPYJw
291,https://www.google.com/accounts/o8/ud,1316112284,fEgticcnLbwO7A
292,https://www.google.com/accounts/o8/ud,1316176930,iKkiIoiz_wHVeA
293,https://www.google.com/accounts/o8/ud,1316190068,5cb4pGzdV1yAhA
294,https://www.google.com/accounts/o8/ud,1316528321,F2hbANT4XVIEUA
295,https://www.google.com/accounts/o8/ud,1316984196,R6pBfC1PwKvpoQ
296,https://www.google.com/accounts/o8/ud,1317417108,X9d0Rwb8mMZ0Iw
297,https://www.google.com/accounts/o8/ud,1317736730,9mIsKYNJsIYSQg
298,https://www.google.com/accounts/o8/ud,1317906039,qSisFNEWwKD63A
299,https://www.google.com/accounts/o8/ud,1318183168,xwoOv73rLz5ApA
300,https://www.google.com/accounts/o8/ud,1318195314,iLvRMInFDjaXfQ
301,https://www.google.com/accounts/o8/ud,1318198215,lNaPHlR3MXEotA
302,https://www.google.com/accounts/o8/ud,1318284149,hyR_USBnJHnJzw
303,https://www.google.com/accounts/o8/ud,1318294304,w2SxyRA-xJBK9Q
304,https://www.google.com/accounts/o8/ud,1318392011,dpksRy39mSql_A
305,https://www.google.com/accounts/o8/ud,1318991239,v8W8aS59z2OBdw
306,https://www.google.com/accounts/o8/ud,1319160184,N0dzlN4SaU9ozQ
307,https://www.google.com/accounts/o8/ud,1319277478,aWpIiiq-nxY0Og
308,https://www.google.com/accounts/o8/ud,1319277759,ZHmAhk34g_lYMg
309,https://www.google.com/accounts/o8/ud,1319309636,CcB_soK9n0zRHw
310,https://www.google.com/accounts/o8/ud,1319556384,1laJKb3vpW_9aA
311,https://www.google.com/accounts/o8/ud,1319575768,aF4Us7MgM3qz9Q
312,https://www.google.com/accounts/o8/ud,1319769085,oLBuCYsXNi5eJA
313,https://www.google.com/accounts/o8/ud,1319863233,FaUszo6BJ8-Feg
314,https://www.google.com/accounts/o8/ud,1320098199,CTeo7VwLzRWFkg
315,https://www.google.com/accounts/o8/ud,1320136057,RDQH37VkqCB4mg
316,https://www.google.com/accounts/o8/ud,1320137646,7YT_OIt0O7f7iQ
317,https://www.google.com/accounts/o8/ud,1320258833,e7DR4ayJKmILFg
318,https://www.google.com/accounts/o8/ud,1320469472,c7sWnMv1wGKvhg
319,https://www.google.com/accounts/o8/ud,1320780231,lJpIxijl2IukEA
320,https://www.google.com/accounts/o8/ud,1320791055,Sj8f6AsjscbTGw
321,https://www.google.com/accounts/o8/ud,1320961128,pxAO2fXSCeQiYA
322,https://www.google.com/accounts/o8/ud,1320968877,XxG1Ad5vBp8paA
323,https://www.google.com/accounts/o8/ud,1321317983,2bCixmpOu3RSTw
324,https://www.google.com/accounts/o8/ud,1321663775,8FLXAajf56lLNQ
325,https://www.google.com/accounts/o8/ud,1321663837,NsRBn2pfM1ImZg
326,https://www.google.com/accounts/o8/ud,1322092489,RUixgnQvM6ttXA
327,https://www.google.com/accounts/o8/ud,1322333722,KOc14l7M0QfpDA
328,https://www.google.com/accounts/o8/ud,1322756164,kPGSU56LtXTZRA
329,https://www.google.com/accounts/o8/ud,1322756228,mfIKsC4lV7Z2Jg
330,https://www.google.com/accounts/o8/ud,1322839196,-LNne5k-BmgJZg
331,https://www.google.com/accounts/o8/ud,1323299384,th2IiGr51E-ieQ
332,https://www.google.com/accounts/o8/ud,1323782539,G09htWBEaGq0fA
333,https://www.google.com/accounts/o8/ud,1323987243,LIPVSD8LYyDQUQ
334,https://www.google.com/accounts/o8/ud,1324326805,o4Ujfy5v5CoTvg
335,https://www.google.com/accounts/o8/ud,1324394249,udTJL5MK31e4hw
336,https://www.google.com/accounts/o8/ud,1325048345,hLSL9pizB_XrkQ
337,https://www.google.com/accounts/o8/ud,1325557358,z4szQh7rB2ebmg
338,https://www.google.com/accounts/o8/ud,1325608926,kHnyf0eIJulcDQ
339,https://www.google.com/accounts/o8/ud,1325811194,-CXbg6cNSbSspg
340,https://www.google.com/accounts/o8/ud,1326328094,5p117OA9q_F7Eg
341,https://www.google.com/accounts/o8/ud,1326328149,y63aYj0ga5rcfQ
342,https://www.google.com/accounts/o8/ud,1326328394,xiFXnY0gOKP1-g
343,https://www.google.com/accounts/o8/ud,1327463136,TT_Lxs5tCbT26w
344,https://www.google.com/accounts/o8/ud,1327688819,VKR_HgmESMZyLQ
345,https://www.google.com/accounts/o8/ud,1327967449,05ufrlG-n8YqEg
346,https://www.google.com/accounts/o8/ud,1328051686,FYUPLvrz4jzAtw
347,https://www.google.com/accounts/o8/ud,1328560744,5mxlxGkSvTvrWA
348,https://www.google.com/accounts/o8/ud,1328638682,sgJx0sO_5Z9vVw
349,https://www.google.com/accounts/o8/ud,1329108103,nXqU-cNmQNd5KQ
350,https://www.google.com/accounts/o8/ud,1329351016,s6xHNOF1N7pBIA
351,https://www.google.com/accounts/o8/ud,1329762035,35_IhSJBiEAXrw
352,https://www.google.com/accounts/o8/ud,1329969984,NyYrT1tVR5AFhQ
353,https://www.google.com/accounts/o8/ud,1330211625,cVL7X4onf2M6cA
354,https://www.google.com/accounts/o8/ud,1330650973,ofJgvDlSJ2a_eQ
355,https://www.google.com/accounts/o8/ud,1330703498,jUAxICp485oePA
356,https://www.google.com/accounts/o8/ud,1331061969,y_AOg2cYgskfPg
357,https://www.google.com/accounts/o8/ud,1331174828,RCt_bwOJ-5fuUQ
358,https://www.google.com/accounts/o8/ud,1331820451,iqriuoZyxwODqA
359,https://www.google.com/accounts/o8/ud,1331936542,H0GS4NOeLTyPAw
360,https://www.google.com/accounts/o8/ud,1332013565,fifIV4FbH572ww
361,https://www.google.com/accounts/o8/ud,1332083871,6pCXWI4S-RFKTQ
362,https://www.google.com/accounts/o8/ud,1332362835,tAiACTqkenbrWA
363,https://www.google.com/accounts/o8/ud,1332432708,m57iaahXR1SN5g
364,https://www.google.com/accounts/o8/ud,1332507665,juGddmIMsTpSHg
365,https://www.google.com/accounts/o8/ud,1332516365,O2U8bDQcyNp6dQ
366,https://www.google.com/accounts/o8/ud,1332864823,TqbegtO6zevWYQ
367,https://www.google.com/accounts/o8/ud,1332902940,x_gZjQjbsAG5hA
368,https://www.google.com/accounts/o8/ud,1332962654,b6af4iREVInNiw
369,https://www.google.com/accounts/o8/ud,1333041846,1r70SkJN9BOmQg
370,https://www.google.com/accounts/o8/ud,1333188129,RaMXeBVxsHQw3Q
371,https://www.google.com/accounts/o8/ud,1333502064,xS1YT_YjSMC1ng
372,https://www.google.com/accounts/o8/ud,1334444957,5_22ambnkBpDiA
373,https://www.google.com/accounts/o8/ud,1334597782,dsxpJACyCD4tpA
374,https://www.google.com/accounts/o8/ud,1334624706,Vt9I28Eyf1SZuA
375,https://www.google.com/accounts/o8/ud,1334628630,QpcaT_3rEgdDog
376,https://www.google.com/accounts/o8/ud,1334949012,4Sh-GhpI82ROlg
377,https://www.google.com/accounts/o8/ud,1335453182,PapJwxopUPOckw
378,https://www.google.com/accounts/o8/ud,1335478738,VAGckOQSevHnMA
379,https://www.google.com/accounts/o8/ud,1335642031,1XRn4BXMou31hQ
380,https://www.google.com/accounts/o8/ud,1335647092,VejA_vR9LJpW6A
381,https://www.google.com/accounts/o8/ud,1336446990,ilnUCBXGkenT_w
382,https://www.google.com/accounts/o8/ud,1336698265,7ZSg2adLHqHS6A
383,https://www.google.com/accounts/o8/ud,1336893720,MV0wp7bh5TG9Pg
384,https://www.google.com/accounts/o8/ud,1337197696,urA7L3aXQRDFBA
385,https://www.google.com/accounts/o8/ud,1337202782,Um4FUTh88cEfsg
386,https://www.google.com/accounts/o8/ud,1337203155,g3Rs_IGrFysnlQ
387,https://www.google.com/accounts/o8/ud,1337369907,aJ4Q7Qz88Q9-mQ
388,https://www.google.com/accounts/o8/ud,1338647225,SkqtvrwLwYPJEw
389,https://www.google.com/accounts/o8/ud,1339217414,s0rorct4jODjIQ
390,https://www.google.com/accounts/o8/ud,1339593524,I2rYi5B3yOuOxg
391,https://www.google.com/accounts/o8/ud,1339593678,I79BKVtDLF-FYQ
392,https://www.google.com/accounts/o8/ud,1339693039,t54ULeRnuANboA
393,https://www.google.com/accounts/o8/ud,1339693756,H7UshmutHuXTQA
394,https://www.google.com/accounts/o8/ud,1339737706,aId-NAAPobg1zA
395,https://www.google.com/accounts/o8/ud,1340151776,Lv-nHHHG6ZFwTA
396,https://www.google.com/accounts/o8/ud,1340223607,hFrVj8n9z7XnCQ
397,https://www.google.com/accounts/o8/ud,1340388523,O2M-aQxEEITZYg
398,https://www.google.com/accounts/o8/ud,1340388547,VR1nXiLhYhAUVQ
399,https://www.google.com/accounts/o8/ud,1340462320,sIVvm8qIbhlngQ
400,https://www.google.com/accounts/o8/ud,1340557349,p-g2A8LqOKMn5Q
401,https://www.google.com/accounts/o8/ud,1340658071,YQ7XxJbIUDq0ng
402,https://www.google.com/accounts/o8/ud,1340750005,wLUF94GqCYv-Tw
403,https://www.google.com/accounts/o8/ud,1340966270,48bK28uPHbYLVA
404,https://www.google.com/accounts/o8/ud,1341297764,yPPCNOdCOQ5Mvg
405,https://www.google.com/accounts/o8/ud,1341416059,homozeOm-sJ09A
406,https://www.google.com/accounts/o8/ud,1341875795,-Gr1Y08qHw43NA
407,https://www.google.com/accounts/o8/ud,1342627022,j6QQTV8OCVPCNw
408,https://www.google.com/accounts/o8/ud,1343196896,EIPxX61MjLutog
409,https://www.google.com/accounts/o8/ud,1343263113,uO5iA6WCKf8HaQ
410,https://www.google.com/accounts/o8/ud,1343749877,jllVdddn33T2eQ
411,https://www.google.com/accounts/o8/ud,1343855702,nbnfiRR2J2z4iw
412,https://www.google.com/accounts/o8/ud,1343939788,8cy1d65LNiYBPg
413,https://www.google.com/accounts/o8/ud,1344109023,EfgCaBPMBg2LzA
414,https://www.google.com/accounts/o8/ud,1344342656,0D1ON2zw-vdRbA
415,https://www.google.com/accounts/o8/ud,1344513073,En3rmM4nG8dzEg
416,https://www.google.com/accounts/o8/ud,1344537000,2-7gOtrciCkgYg
417,https://www.google.com/accounts/o8/ud,1344537149,Iyq67iBxcaPlew
418,https://www.google.com/accounts/o8/ud,1344832571,lL-1V8kO6DvuOQ
419,https://www.google.com/accounts/o8/ud,1345236056,E_HYktjiQMpgbg
420,https://www.google.com/accounts/o8/ud,1345254629,Fq7qfhV4K-to2A
421,https://www.google.com/accounts/o8/ud,1345518344,UQ0l9TJVM7WStw
422,https://www.google.com/accounts/o8/ud,1345561190,pj4TG4hVx-D3sw
423,https://www.google.com/accounts/o8/ud,1345824677,he1_06hFRiUu7g
424,https://www.google.com/accounts/o8/ud,1346184282,5tGr5-5bwx6ZTg
425,https://www.google.com/accounts/o8/ud,1346213014,xgLDUJsDBljR8w
426,https://www.google.com/accounts/o8/ud,1346274005,QaGh-MViWduTnA
427,https://www.google.com/accounts/o8/ud,1346287169,NwUKrkKyJzkzLw
428,https://www.google.com/accounts/o8/ud,1346291540,MHgu8L6bFEeXmQ
429,https://www.google.com/accounts/o8/ud,1346361308,KC8EMtFlsPK1Sg
430,https://www.google.com/accounts/o8/ud,1346363249,yYj3cPENqoyQfw
431,https://www.google.com/accounts/o8/ud,1346628571,kHvVVxr4nbjqFw
432,https://www.google.com/accounts/o8/ud,1346699270,_4y616bMBlbAqg
433,https://www.google.com/accounts/o8/ud,1346775346,Efi_wvpDo9tMpw
434,https://www.google.com/accounts/o8/ud,1346872507,FDDhUCJoMWuRoA
435,https://www.google.com/accounts/o8/ud,1346882239,xe7Wo-KBL_m2Zg
436,https://www.google.com/accounts/o8/ud,1347296652,b8AmmWIjhxfvTQ
437,https://www.google.com/accounts/o8/ud,1347478187,VkmAbbsdcnQyrw
438,https://www.google.com/accounts/o8/ud,1347638803,OCRYmpUvt0GQsA
439,https://www.google.com/accounts/o8/ud,1347648985,W0x3o5xSyc8t6A
440,https://www.google.com/accounts/o8/ud,1347661106,T3eobdwROGMRbA
441,https://www.google.com/accounts/o8/ud,1347996245,FE2rjuqrv8lhdg
442,https://www.google.com/accounts/o8/ud,1347997357,V0wA0EEvgef4gw
443,https://www.google.com/accounts/o8/ud,1347997360,0p10AGJi1omMgA
444,https://www.google.com/accounts/o8/ud,1348249755,BxYrcWadqhPlRA
445,https://www.google.com/accounts/o8/ud,1348417945,uzM9YXCOXk4qCg
446,https://www.google.com/accounts/o8/ud,1348592444,UcyioH9GG00d_w
447,https://www.google.com/accounts/o8/ud,1348605180,sAAXHA5gEKUu7A
448,https://www.google.com/accounts/o8/ud,1348866772,-GVLbvaMzk1fbA
449,https://www.google.com/accounts/o8/ud,1349122929,B0xAjaA15MoE2g
450,https://www.google.com/accounts/o8/ud,1349192039,h9KlrXAFh6gk8A
451,https://www.google.com/accounts/o8/ud,1349192092,ySGtsoH_9jQuJA
452,https://www.google.com/accounts/o8/ud,1349294080,KIhFIP_DuJNPig
453,https://www.google.com/accounts/o8/ud,1349720112,kv5t9h5NQ779_g
454,https://www.google.com/accounts/o8/ud,1350356907,ttEiHFi0SD1Ulw
455,https://www.google.com/accounts/o8/ud,1350421858,gJsINIiTRMPxCw
456,https://www.google.com/accounts/o8/ud,1350568674,bKkU0XHrYAtz3Q
457,https://www.google.com/accounts/o8/ud,1350907070,q2QOabuWjmh26Q
458,https://www.google.com/accounts/o8/ud,1351099284,kBohL7uXIFBH5Q
459,https://www.google.com/accounts/o8/ud,1351162041,t-TE78FlNn7Ymg
460,https://www.google.com/accounts/o8/ud,1351282447,J-nq2AdNm2_rqQ
461,https://www.google.com/accounts/o8/ud,1351296526,ys-Najs6kdwUEw
462,https://www.google.com/accounts/o8/ud,1351432115,ebzPahuV6o_oCQ
463,https://www.google.com/accounts/o8/ud,1351475204,yG9m5HrVZgGt3g
464,https://www.google.com/accounts/o8/ud,1351527943,E6P4qZxuJOHeZA
465,https://www.google.com/accounts/o8/ud,1351529172,t0hQkCtn-WLuhA
466,https://www.google.com/accounts/o8/ud,1351609018,Mv0REziF2wBjsg
467,https://www.google.com/accounts/o8/ud,1351890251,DLg_dfS5lfnh_g
468,https://www.google.com/accounts/o8/ud,1351911750,b99LO_3-IxwAPQ
469,https://www.google.com/accounts/o8/ud,1352299763,2nmaPUqmi0Jrkw
470,https://www.google.com/accounts/o8/ud,1352404297,-3Uvd4pM2Tv41A
471,https://www.google.com/accounts/o8/ud,1352917109,AloLcoPXboIXKA
472,https://www.google.com/accounts/o8/ud,1352937389,YumppzbO0NoheA
473,https://www.google.com/accounts/o8/ud,1352990087,BHDqj7xBgTjxhg
474,https://www.google.com/accounts/o8/ud,1353155402,EBhlfby3Ym5MmA
475,https://www.google.com/accounts/o8/ud,1353379010,nUlOAqZ7FR9GuQ
476,https://www.google.com/accounts/o8/ud,1353732655,WyYuu5yZpMzoUw
477,https://www.google.com/accounts/o8/ud,1354050956,9GE6FsTiVLGjyw
478,https://www.google.com/accounts/o8/ud,1354051016,98gul27eOe0EHw
479,https://www.google.com/accounts/o8/ud,1354051104,o9ZPoh-12QqJYg
480,https://www.google.com/accounts/o8/ud,1354140238,r6YkpYDZhnA6kA
481,https://www.google.com/accounts/o8/ud,1354725538,CS4hC_cK6wfqqA
482,https://www.google.com/accounts/o8/ud,1354726997,Bz6d6pQdy2fdgQ
483,https://www.google.com/accounts/o8/ud,1354734212,ALOVq09POSHhLg
484,https://www.google.com/accounts/o8/ud,1354747070,Qi9pECS6vldmmQ
485,https://www.google.com/accounts/o8/ud,1354908829,jseBVPWr2V5bJg
486,https://www.google.com/accounts/o8/ud,1355209345,3yNP57vA3cCHLg
487,https://www.google.com/accounts/o8/ud,1355247057,WLroVenKyrVWdQ
488,https://www.google.com/accounts/o8/ud,1355374882,mfxicbVYzgonqQ
489,https://www.google.com/accounts/o8/ud,1355790501,32A7GpKVTZ3y0w
490,https://www.google.com/accounts/o8/ud,1355880209,BkQ4k-259reyNg
491,https://www.google.com/accounts/o8/ud,1358263345,y7VMYevGoHpnmg
492,https://www.google.com/accounts/o8/ud,1358476545,bOguKvBd_ZlD7g
493,https://www.google.com/accounts/o8/ud,1358491472,BWmkoAf01g4WMw
494,https://www.google.com/accounts/o8/ud,1358762048,eGdm_9DZsK-v0g
495,https://www.google.com/accounts/o8/ud,1358814846,kjIsOCORCM4G9A
496,https://www.google.com/accounts/o8/ud,1359038415,leWIfC8ZJCs_yA
497,https://www.google.com/accounts/o8/ud,1359041265,s1kdymyNXAiA3Q
498,https://www.google.com/accounts/o8/ud,1359948885,ZOA11QWILqlkcg
499,https://www.google.com/accounts/o8/ud,1360772490,JXic7vROfZiO2Q
500,https://www.google.com/accounts/o8/ud,1360772494,d3YzSXLkwrRPtQ
501,https://www.google.com/accounts/o8/ud,1360772512,VZufdEiO1a7qBw
502,https://www.google.com/accounts/o8/ud,1360772751,ScuMnQ8xCyr1tg
503,https://www.google.com/accounts/o8/ud,1360866102,af5RqFw6r5uhSA
504,https://www.google.com/accounts/o8/ud,1361071934,CwCZwVPYkEbwfg
505,https://www.google.com/accounts/o8/ud,1361233438,aMPLBqw--7-T1Q
506,https://www.google.com/accounts/o8/ud,1361296291,6UBReLlgrC3lPQ
507,https://www.google.com/accounts/o8/ud,1361304350,b5lhe8N3PJvfkw
508,https://www.google.com/accounts/o8/ud,1361372431,0wkaBihX2yDB5w
509,https://www.google.com/accounts/o8/ud,1361397604,CkAtOPFd7hFcSw
510,https://www.google.com/accounts/o8/ud,1361496910,YYFF0pTFfz0Dtg
511,https://www.google.com/accounts/o8/ud,1361722775,bF9TCHpdd2mS_A
512,https://www.google.com/accounts/o8/ud,1361912908,8h0_nxdM5mRnmA
513,https://www.google.com/accounts/o8/ud,1363299280,AHwfkSW-eezSeg
514,https://www.google.com/accounts/o8/ud,1363386056,v_AXz9JpAqXRvw
515,https://www.google.com/accounts/o8/ud,1364004967,cdCYW7EuurZL2w
516,https://www.google.com/accounts/o8/ud,1364406190,T5R5Mh6Qd25_ww
517,https://www.google.com/accounts/o8/ud,1365107612,MVMu_OwUq_U8rg
518,https://www.google.com/accounts/o8/ud,1365192651,TFIGE13fzqBqWQ
519,https://www.google.com/accounts/o8/ud,1365462952,Vm7yDM0VzpoSWw
520,https://www.google.com/accounts/o8/ud,1365683716,LCQOKB8OzBWP9Q
521,https://www.google.com/accounts/o8/ud,1365798592,pwvppA3ap-EMhQ
522,https://www.google.com/accounts/o8/ud,1365800534,8zXRbLXGnIZN5A
523,https://www.google.com/accounts/o8/ud,1365804606,T487xAynuCACCQ
524,https://www.google.com/accounts/o8/ud,1366241447,AsRTm81teMGydA
525,https://www.google.com/accounts/o8/ud,1366683047,AxSu2o9vNgAN9Q
526,https://www.google.com/accounts/o8/ud,1366871582,eKhEqLRdnDQ4mg
527,https://www.google.com/accounts/o8/ud,1366893422,0POJwhWEjVX_qQ
528,https://www.google.com/accounts/o8/ud,1366907664,VLnh5YXVE-_huA
529,https://www.google.com/accounts/o8/ud,1366938281,jDPZHsnt-KhSsw
530,https://www.google.com/accounts/o8/ud,1367322310,DVn5k7l2_3w8Cw
531,https://www.google.com/accounts/o8/ud,1367356224,X-vc3X9vqDTsqQ
532,https://www.google.com/accounts/o8/ud,1367414904,I_wnWnuq1cY5vA
533,https://www.google.com/accounts/o8/ud,1367607464,Hw6RIzlgkVQfKA
534,https://www.google.com/accounts/o8/ud,1367623076,r2N31F701UZMOQ
535,https://www.google.com/accounts/o8/ud,1367723254,3m9P10fko1enEA
536,https://www.google.com/accounts/o8/ud,1367769546,haS4icUa7MwRog
537,https://www.google.com/accounts/o8/ud,1367806556,JBX0A1I5ngiGOA
538,https://www.google.com/accounts/o8/ud,1367807032,ohgpyVbQO6hwpg
539,https://www.google.com/accounts/o8/ud,1367944422,m6VhhmI-eh5SVg
540,https://www.google.com/accounts/o8/ud,1368038239,ni1ofSR-RPpIEA
541,https://www.google.com/accounts/o8/ud,1368148572,eqTSgDRE6mu7pA
542,https://www.google.com/accounts/o8/ud,1368471747,uisycIRi9L_jMA
543,https://www.google.com/accounts/o8/ud,1368586747,fN9iwh8L1dt_Zw
544,https://www.google.com/accounts/o8/ud,1368636426,-oK9waqZmZNwsA
545,https://www.google.com/accounts/o8/ud,1369061961,xEL4GxkxOurylA
546,https://www.google.com/accounts/o8/ud,1369075625,d0dZrLzAX6j8rA
547,https://www.google.com/accounts/o8/ud,1369328571,x_nXuE1Om2-M5A
548,https://www.google.com/accounts/o8/ud,1369702167,OWLx8KfPQhW8ew
549,https://www.google.com/accounts/o8/ud,1369765600,YMoZcdC4JxdeUg
550,https://www.google.com/accounts/o8/ud,1369766126,iovfGfLedzu8UQ
551,https://www.google.com/accounts/o8/ud,1369771015,xyOrUMyBwUj9tw
552,https://www.google.com/accounts/o8/ud,1369923170,1NUKsXpzMIs5xQ
553,https://www.google.com/accounts/o8/ud,1370048190,Y0RXLLJYsZGI9A
554,https://www.google.com/accounts/o8/ud,1370049245,NuY0wkYy0Q2ICA
555,https://www.google.com/accounts/o8/ud,1370190351,Lvai5nWGI2eNrQ
556,https://www.google.com/accounts/o8/ud,1370301702,4Og-wIhOX8QD0g
557,https://www.google.com/accounts/o8/ud,1370376130,WYPu15LvIcBrWQ
558,https://www.google.com/accounts/o8/ud,1370434567,tORiFOpClb0aqw
559,https://www.google.com/accounts/o8/ud,1370573826,MESyUD5ajXjpyA
560,https://www.google.com/accounts/o8/ud,1370805910,mjhDUa1npvoO2Q
561,https://www.google.com/accounts/o8/ud,1370805963,DH1yLVsixxPwPQ
562,https://www.google.com/accounts/o8/ud,1370964328,6SvYODT91lMKog
563,https://www.google.com/accounts/o8/ud,1371046881,JgTxY1XaZxZhwA
564,https://www.google.com/accounts/o8/ud,1371304810,kEywW1_9NYbT6A
565,https://www.google.com/accounts/o8/ud,1371305071,rYijEGei8xetwg
566,https://www.google.com/accounts/o8/ud,1371440887,fsyDmdXoIlYG_w
567,https://www.google.com/accounts/o8/ud,1371495552,EhihKeurBVI2Gg
568,https://www.google.com/accounts/o8/ud,1371555635,KdocsVQ93eYj6w
569,https://www.google.com/accounts/o8/ud,1371825753,rPipF_uieoUKPA
570,https://www.google.com/accounts/o8/ud,1372282749,4GLxxExuGGIjbQ
571,https://www.google.com/accounts/o8/ud,1372380294,_g359gvIuymhNQ
572,https://www.google.com/accounts/o8/ud,1372388454,az5GEQn01DaO4g
573,https://www.google.com/accounts/o8/ud,1372696422,i3lKqNBDI1BPpA
574,https://www.google.com/accounts/o8/ud,1372696452,pzDSxO-xwXxUXw
575,https://www.google.com/accounts/o8/ud,1372782266,gumu3-XXv4ZZHg
576,https://www.google.com/accounts/o8/ud,1372858824,kzL5NmS-eGVtiw
577,https://www.google.com/accounts/o8/ud,1372860897,-5yYABww7CW3Xw
578,https://www.google.com/accounts/o8/ud,1372888335,qGuGzx4DkEYOoA
579,https://www.google.com/accounts/o8/ud,1373403522,bU1aaVl5fA4W4w
580,https://www.google.com/accounts/o8/ud,1373576323,86qTgnnA5eBzbQ
581,https://www.google.com/accounts/o8/ud,1373579789,2J7SG9txYz6Few
582,https://www.google.com/accounts/o8/ud,1373820610,fLmyrBvuuqgJyA
583,https://www.google.com/accounts/o8/ud,1373912698,a6WnRD2ai2jlEA
584,https://www.google.com/accounts/o8/ud,1373993761,fEe2sfiAzRnSfQ
585,https://www.google.com/accounts/o8/ud,1374200721,8eV1MsgMRFxBjg
586,https://www.google.com/accounts/o8/ud,1374862469,xlUGMyKDB48Xag
587,https://www.google.com/accounts/o8/ud,1375126019,v8xMrgjZvnemtQ
588,https://www.google.com/accounts/o8/ud,1375537744,xqtF-BKuUAEQ-Q
589,https://www.google.com/accounts/o8/ud,1375719521,rSV7UgIPAv1kmQ
590,https://www.google.com/accounts/o8/ud,1375895092,qtU61lLgqbO3nQ
591,https://www.google.com/accounts/o8/ud,1376311149,jccFRCo1tw4kwg
592,https://www.google.com/accounts/o8/ud,1376313713,e-40389azv6URQ
593,https://www.google.com/accounts/o8/ud,1376491867,oJfcrxTex6mOog
594,https://www.google.com/accounts/o8/ud,1376687460,CzZFNDW3IH3ChQ
595,https://www.google.com/accounts/o8/ud,1376788825,PuWZs0XxOuks2g
596,https://www.google.com/accounts/o8/ud,1377096305,WUaMfOeGJObCKg
597,https://www.google.com/accounts/o8/ud,1377554776,TTl02IXKEzrPUg
598,https://www.google.com/accounts/o8/ud,1377870058,MDnF27pTvNfw0g
599,https://www.google.com/accounts/o8/ud,1377922549,XdHHApKEGtMUDg
600,https://www.google.com/accounts/o8/ud,1378124027,DiLgXCocPqf2xQ
601,https://www.google.com/accounts/o8/ud,1378223120,rjyJ-u8wprClWg
602,https://www.google.com/accounts/o8/ud,1378301932,lq7A3O6AwS-r5w
603,https://www.google.com/accounts/o8/ud,1378690077,WHDaiPTRuYcItQ
604,https://www.google.com/accounts/o8/ud,1378824831,WcJPcixoic9jaA
605,https://www.google.com/accounts/o8/ud,1378920870,H55TWrJzaoM6-A
606,https://www.google.com/accounts/o8/ud,1379086941,qppO1TSlBC758A
607,https://www.google.com/accounts/o8/ud,1379094139,WGxDv_8_DJeuag
608,https://www.google.com/accounts/o8/ud,1379301079,fEKNUZ-_JT4_0Q
609,https://www.google.com/accounts/o8/ud,1379463832,lv8AARLfjVjiww
610,https://www.google.com/accounts/o8/ud,1379652968,MaRzp-U-B98BIw
611,https://www.google.com/accounts/o8/ud,1379989033,Fab-1j0ChgwgAg
612,https://www.google.com/accounts/o8/ud,1380030925,-pgSf_tzMDEzog
613,https://www.google.com/accounts/o8/ud,1380227914,OHBhxJrn1GKO-g
614,https://www.google.com/accounts/o8/ud,1380567551,rod4c-klctOp3w
615,https://www.google.com/accounts/o8/ud,1380629228,VuwDVdATSI073g
616,https://www.google.com/accounts/o8/ud,1380663765,kTsh4NVgd9lqMg
617,https://www.google.com/accounts/o8/ud,1381014876,zyTYPHPbWE3VgA
618,https://www.google.com/accounts/o8/ud,1381016040,Y4-9rhhrYPMOGw
619,https://www.google.com/accounts/o8/ud,1381180621,EesO23r2URYD9w
620,https://www.google.com/accounts/o8/ud,1381282406,fsmuWC5C0_Koqw
621,https://www.google.com/accounts/o8/ud,1381337206,dovXTHyU8gZi2Q
622,https://www.google.com/accounts/o8/ud,1381896671,eanfWgzFQ3sd3g
623,https://www.google.com/accounts/o8/ud,1381968748,w5LiLe5ZAuiQAw
624,https://www.google.com/accounts/o8/ud,1382132372,kFNlcysmh9Htxw
625,https://www.google.com/accounts/o8/ud,1382182290,AWzh7Ppof0g0Jg
626,https://www.google.com/accounts/o8/ud,1382190591,IHfvyT4be810aw
627,https://www.google.com/accounts/o8/ud,1382197399,7lxxe0l8ysZpRg
628,https://www.google.com/accounts/o8/ud,1382292417,xIZz6ZYXcwlIbQ
629,https://www.google.com/accounts/o8/ud,1382582483,WQD77ZnAkfi-GA
630,https://www.google.com/accounts/o8/ud,1382737074,lSpUD7NaejkT4Q
631,https://www.google.com/accounts/o8/ud,1382992945,C35jpBkYJCCrhQ
632,https://www.google.com/accounts/o8/ud,1383061816,aqSk0eyP5U_A-g
633,https://www.google.com/accounts/o8/ud,1383153852,PTh0wJtMD9j5Lg
634,https://www.google.com/accounts/o8/ud,1383175269,n8lTF__6MBTAzA
635,https://www.google.com/accounts/o8/ud,1383175721,3sjanp9KA6ASmQ
636,https://www.google.com/accounts/o8/ud,1383181180,3hqbbpGV8SAtjQ
637,https://www.google.com/accounts/o8/ud,1383407637,VuXKMufJIIbBNw
638,https://www.google.com/accounts/o8/ud,1383589206,9IpU7n0fgwEgGA
639,https://www.google.com/accounts/o8/ud,1383638047,vo9zY_7MyvUotQ
640,https://www.google.com/accounts/o8/ud,1383695192,fBowsHn3m4CcbA
641,https://www.google.com/accounts/o8/ud,1383836905,WI8Y5CTQ0bvX9A
642,https://www.google.com/accounts/o8/ud,1384025155,ld95jHhj-GOoug
643,https://www.google.com/accounts/o8/ud,1384027387,lVHRgEJVcAy9uA
644,https://www.google.com/accounts/o8/ud,1384027402,62vpY2RU_hbULA
645,https://www.google.com/accounts/o8/ud,1384027463,c9qYzhQdsRt68w
646,https://www.google.com/accounts/o8/ud,1384031739,ie7L9oTrhEoh9g
647,https://www.google.com/accounts/o8/ud,1384033510,H2p_Es5a_-fqKw
648,https://www.google.com/accounts/o8/ud,1384034924,uno9EFmpotuTbw
649,https://www.google.com/accounts/o8/ud,1384053212,-g_pXu6gGKPvkw
650,https://www.google.com/accounts/o8/ud,1384056368,g0ohmkfcy5qKAw
651,https://www.google.com/accounts/o8/ud,1384057932,Zfm81GUvLImiOg
652,https://www.google.com/accounts/o8/ud,1384058011,Ii7qi_eeSagR5Q
653,https://www.google.com/accounts/o8/ud,1384095828,xKqXP79t2NtgvQ
654,https://www.google.com/accounts/o8/ud,1384096067,hPtY33wOPx6j0w
655,https://www.google.com/accounts/o8/ud,1384177738,X0vswj7IRcSacA
656,https://www.google.com/accounts/o8/ud,1384215104,4ZjQ7NmO6HjzfA
657,https://www.google.com/accounts/o8/ud,1384235760,lPt5s2d6ZjfwOg
658,https://www.google.com/accounts/o8/ud,1384251208,Z7FBa6AnY8SOvQ
659,https://www.google.com/accounts/o8/ud,1384293068,6V5GTUAbedKWuQ
660,https://www.google.com/accounts/o8/ud,1384295499,aNvHFT1okAxM7w
