id,autor_id,titulo,descripcion,tipo_blog_id,destacado
1,2437,VIDEOS,NA,1,FALSE
5,2341,Ley de Seguridad y Defensa Nacional.,"Ley de Seguridad y Defensa Nacional
Las leyes de seguridad y defensa nacional que se dieron los países latinoamericanos, estuvieron inspiradas en la doctrina Monroe. En la década de los cincuenta, posterior a las dos confrontaciones mundiales y el surgimiento del Estado socialista, los Estados Unidos, buscaron no tolerar ninguna intromisión extranjera en sus áreas de interés. Estas leyes tenían como meta fundamental eliminar la competencia extranjera en la totalidad de América latina y mantener alejado y proscrito el comunismo internacional. Las leyes de seguridad y defensa nacional fueron dirigidas a asegurar los intereses de Estados Unidos en América latina. Es este el motivo para que en algunos analistas, al hablarles de leyes de seguridad y defensa nacional, les puede causar escozor. 
La ley de seguridad y defensa nacional busca preservar a la NACION y mantenerla alejada de cualquier amenaza interna o externa, así como preservarla ante los daños de una catástrofe de índole natural. La ley de seguridad y defensa nacional busca preservar la NACION valiéndose del Estado y la sociedad. Como pueden ver es una ley de vital importancia. Posiblemente después de la Constitución nacional es la ley que más nos debe importar a los colombianos. Desafortunadamente, la mala utilización en un principio y la falta de legisladores comprometidos con la institucionalización del país nos han llevado a NO tener una excelente ley.
Su OBJETO, está bien definido, o sea regular la actividad del Estado y la sociedad en materia de seguridad y defensa integral. O sea que esta ley debe comprender el estudio, planificación y adopción de medidas relacionadas con la preparación y aplicación del potencial nacional para la preservación del patrimonio de la NACION.  ¿Cual es el patrimonio de la nación? Estos son los económicos, los sociales, los políticos, los culturales los geográficos, los ambientales y los militares. En geográficos considero los terrestres, marítimos y aéreos. Las posibles amenazas pueden ser actos de espionaje, de sabotaje, terrorismo, rebelión, traición a la patria y de genocidio. También, actos de interferencia de países extranjeros en los asuntos nacionales y que afecten al Estado Colombiano. (Los elementos constitutivos del Estado moderno son: La población, el territorio, el poder y la soberanía).   Otro objeto importante de esta ley es la de declarar lo que son las situaciones excepcionales, su duración, sus efectos y la terminación.
Como su nombre lo indica tiene dos conceptos muy importantes que son la seguridad y la defensa nacional. La defensa es desarrollada por las Fuerzas Militares de Colombia. Y se puede definir como las actividades políticas que desarrollan los Estados-nación modernos, para evitar o rechazar los ataques militares que eventualmente pudieran realizar otros estados-nación. La seguridad es una finalidad de la comunidad política. Este término ha evolucionado, inicialmente el ciudadano tenía que garantizar la seguridad del Estado. Posteriormente se hablo de seguridad ciudadana, donde el Estado buscaba garantizar la tranquilidad pública y la convivencia pacífica, así como la vida, la integridad  y los derechos de los individuos. La seguridad pública se puede definir como la ejercida por el Poder Ejecutivo que busca a través de acciones efectivas de información, disuasión y actuación en contra de la delincuencia. Confucio escribió lo siguiente: “cuando se le conduce al pueblo mediantes disposiciones y órdenes administrativas, y cuando por medio del castigo se procura meterle en razón, ciertamente que el pueblo evitará los delitos, más no tomará conciencia de que la comisión de delitos es algo de lo que tiene que avergonzarse. Cuando mediante la fuerza de unos principios morales se le guía exteriormente hacia el bien y se vinculan sus actividades externas a un extenso catálogo de formas de comportamiento ritualizadas, entonces tendrá el sentimiento de vergüenza, se apartará del mal y marchará por el camino correcto”. 
Voy a dar algunas definiciones de Seguridad Nacional con el propósito de sacar elementos importantes y que nos permitan tipificar una definición. Norberto Bobbio (Liberalismo y democracia, Mexico, 1991, pág. 26)  indica “El fin del Estado solamente es la seguridad entendida como la certeza de la libertad en el ámbito de la ley”.
Para la Escuela Superior de Guerra del Brasil, “La seguridad Nacional es el grado relativo de garantía que a través de acciones políticas, económicas, sico-sociales y militares, un Estado puede proporcionar, en una época determinada, a la nación que jurisdicciona, para la consecución y salvaguardia de sus objetivos nacionales, a despecho de los antagonismos existentes. (COR. Alfonso Littuma Arizaga).  Ver al final las definiciones. De las cuales podemos inferir y destacar rasgos esenciales y destacados:
•	Es una condición política, económica social y militar.
•	Se manifiesta como proceso continuo e incesante.
•	Tiene dinámica propia.
•	Es una función Estatal.
•	Nace con la organización del Estado.
•	Se manifiesta en el pleno ejercicio de la soberanía y la independencia.
•	Su meta básica es la consecución de los objetivos nacionales.
•	Existe en función del desarrollo de una nación.
•	Busca la estabilidad y la consecución de los objetivos nacionales.
Colombia tiene una ley de seguridad y defensa que es la 684 de Agosto 13 de 2001,  y le hago la siguiente crítica: El art. 8º, define la Seguridad Nacional, el 7º la Seguridad Ciudadana. El art. 6º, define la Defensa Nacional, el art. 5º la Fuerza Pública, y el 4º y 3º sucesivamente el Orden Público y el Poder Nacional. Todas estas definiciones son muy pobres. No contempla esta ley la utilización de los elementos del Estado en caso de desastres catastróficos. En el capítulo I, Del Consejo Superior de Seguridad y Defensa, efectúa su definición, art. 13 y su conformación art. 14, pero no  estipula que es el órgano superior del Estado en materia de seguridad y defensa nacional. Las tares asignadas son casi todas secundarias. “ Evaluar los planes específicos…”, “Emitir concepto...”, y “Difundir...”. 
Esta ley no crea “El sistema de Protección Civil”, que se entiende como una gestión social de riesgo en la cual actúan los distintos órganos del poder público a nivel nacional, departamental y municipal, con la participación de la sociedad. El sistema debe efectuar la planificación, evaluación y  ejecución  de los procesos específicos, con miras a reducir la vulnerabilidad ante eventos de orden natural y/o social.
Otro aspecto que debe regular esta ley es “La Gestión Social del Riesgo” que tiene como función garantizar la calidad de vida de los ciudadanos , promoviendo el desenvolvimiento de los aspectos de prevención, preparación, mitigación y respuesta ante eventos de orden natural y social que puedan afectar a la población y sus bienes.
Con la organización del Sistema Nacional de Inteligencia y Contrainteligencia se busca garantizar que el Estado y la sociedad no sean atacados desde el exterior o desde el interior por organizaciones enemigas o delincuencia internacional. Como pueden ver es muy importante esta ley para la estabilidad y desarrollo del Estado Colombiano así como su sociedad.


",1,FALSE
11,1428,Sobre políticos profesionales,NA,1,FALSE
10,1427,Elecciones 2010,"Directora del programa Congreso Visible, del departamento de Ciencia Política de la Universidad de los Andes.",1,FALSE
14,44,El menú,"¿Qué van a pedir los congresistas? El menú se centra en la agenda de las sesiones de comisión y plenaria, en los proyectos que los congresistas desean discutir y los debates que desean citar.",1,FALSE
18,47,Control político,Hola mi nombre es Felipe Jacobo. Soy politólogo de la Universidad de los Andes y hago parte del programa de Maestría en Ciencia Política. Esta sección estará dedicada al seguimiento de los debates de control político y de las citaciones realizadas en el Congreso de la República.,1,FALSE
15,48,Legislativo.com,Un espacio dedicado al análisis de la actividad legislativa.,1,FALSE
20,41,Gazaperas,NA,1,FALSE
19,40,"Congresistas, partidos y elecciones",NA,1,FALSE
16,382,Reflexiones Políticas,NA,1,FALSE
34,2663,Blog de Ocasa,"Espacio de reflexión sobre temas de interés para Ocasa como son: transparencia, rendición de cuentas, gobernabilidad y juventudes.",1,FALSE
35,2671,Movimiento Nacional Cimarrón,NA,1,FALSE
23,43,Inquietudes,"Seguimiento permanente al acontecer del Congreso de la República: tránsito de los proyectos de ley radicados en las dos Cámaras y seguimiento a algunos de los proyectos mas interesantes, además de comentarios de coyuntura de interés para el legislativo.",1,FALSE
24,2502,Blog de Susana,NA,1,FALSE
32,2653,Blog IRI  (prueb),Este será el blog del iri,1,FALSE
33,2654,Blog Corporación Acción Ciudadana Colombia,NA,1,FALSE
36,2667,Blog Observatorio Legislativo del Instituto de Ciencia Politica (ICP),NA,1,FALSE
50,2668,Blog - Humanas Colombia,NA,1,FALSE
273,3172,Nariño Visible,"Nariño Visible se constituye en una idea de construcción colectiva que aspira promover procesos efectivos de rendición de cuentas entre los y las congresistas de Nariño y la ciudadanía, promover la transparencia como principio fundamental del accionar político y electoral en el departamento, brindarle a los ciudadanos y ciudadanas nariñenses mecanismos efectivos y objetivos de acceso a la información de la gestión parlamentaria y generar insumos para la construcción de agendas departamentales incluyentes que promuevan el desarrollo humano. 

Organizaciones de la Sociedad civil de Nariño, líderes y lideresas promotores-as de una cultura democrática, con base en la experiencia del Programa Congreso Visible de la Universidad de los Andes, han sido los promotores-as de esta iniciativa, la cual hasta el momento ha contado con el apoyo y acompañamiento de la organización Suyusama y el Programa de las Naciones Unidas para el Desarrollo –PNUD.  

",1,FALSE
37,2660,Concejo Cómo Vamos,NA,1,FALSE
38,2662,Blog Corporación Nuevo Arco Iris,NA,1,FALSE
39,2555,Economía y Políticas Públicas,NA,1,FALSE
335,3522,Blog de Fernando Rojas Parra,NA,1,FALSE
29,2466,El género en el Congreso!,"Este es un blog que busca hacer más plural nuestra comprensión de la arena política de nuestro país promoviendo la discusión de temáticas con enfoque de género al interior del Congreso de la República. Por un lado se hará seguimiento a votaciones, proyectos de ley, citaciones de control, ordenes del día, partidos y congresistas que promuevan iniciativas en este sentido; y por otro se promoverá la discusión entre nuestros usuarios tanto del sistema como de las redes sociales como Twitter y Facebook para multiplicar la información y fomentar la deliberación.",1,FALSE
336,3537,Blog de Colombia Diversa,NA,1,FALSE
337,2728,Blog del Partido Liberal Colombiano,NA,1,FALSE
342,3553,Blog de Codhes,NA,1,FALSE
370,4593,Blog de la Corporación Transparencia por Colombia,NA,1,FALSE
55,1900,Blog del senador Jorge Eduardo Londoño,NA,1,FALSE
41,2873,Publicamente real,Espacio de análisis coyuntural sobre las realidades sociales de Colombia dentro del marco parlamentario.,1,FALSE
45,1288,Blog de la Senadora Karime Mota y Morad,NA,1,FALSE
51,1901,Blog del Senador John Sudarsky,NA,1,FALSE
40,2725,Blog de David Jiménez,NA,1,FALSE
332,3397,Inventio.lab,"inventio-lab hace investigación en comunicación de gobierno, electoral, internacional y militar. Abarca perspectivas de análisis que atraviesan el enfoque sistémico, la filosofía del lenguaje, constructivismo, psicología cognitiva, psicología social y social y retórica. En comunicación política sus temas de estudio son: estudios de medios, nuevos medios, élites, creencias, encuadramientos; en comunicación estregica: storytelling y narrativa, crisis, riesgo y análisis de contenido.",1,FALSE
44,1899,Blog de la Senadora Gilma Jiménez,NA,1,FALSE
53,2146,Blog del Representante Carlos Julio Bonilla,NA,1,FALSE
49,1876,Blog del Representante Elkin Ospina,NA,1,FALSE
371,4596,Blog de la Corporación Ocasa,NA,1,FALSE
86,75,Blog del Senador Juan Manuel Corzo,NA,1,FALSE
58,2523,Blog del Representante Wilson Hernando Gómez,NA,1,FALSE
59,2525,Blog del Senador Martín Emilio Morales,NA,1,FALSE
64,1296,Blog del Senador Héctor Julio Alfonso,NA,1,FALSE
66,2304,Blog de la Senadora Amparo Arbeláez,NA,1,FALSE
72,60,Blog del Senador Carlos Emiro Barriga,NA,1,FALSE
74,164,Blog del Senador Musa Besayle,NA,1,FALSE
75,64,Blog del Senador Javier Cáceres Leal,NA,1,FALSE
80,535,Blog del Senador Fuad Char,NA,1,FALSE
81,179,Blog del Senador Carlos Ramiro Chavarro,NA,1,FALSE
94,1143,Blog del Senador Carlos Ferro Solanilla,NA,1,FALSE
84,73,Blog de la Senadora Piedad Córdoba,NA,1,FALSE
98,1367,Blog de la Senadora Nora García Burgos,NA,1,FALSE
101,1934,Blog del Senador Jesús Ignacio García,NA,1,FALSE
103,90,Blog del Senador Roberto Víctor Gerlein,NA,1,FALSE
43,2119,Blog del Representante Juan Valdés,NA,1,FALSE
91,194,Blog del Senador Bernardo Miguel Elías,NA,1,FALSE
104,211,Blog del Senador Édgar Alfonso Gómez,NA,1,FALSE
563,381,Blog del Representante Andrés Felipe Villamizar Ortiz,NA,1,FALSE
77,2529,Blog de la Senadora Arleth Casado,NA,1,FALSE
47,160,Blog del Senador Roy Barreras,NA,1,FALSE
97,87,Blog de la Senadora Daira de Jesús Galvis,NA,1,FALSE
107,1896,Blog del Senador José Francisco Herrera,NA,1,FALSE
108,1268,Blog del Senador Germán Darío Hoyos,NA,1,FALSE
110,98,Blog del Senador Jorge Aurelio Iragorri,NA,1,FALSE
121,109,Blog del Senador Néstor Iván Moreno,NA,1,FALSE
122,1274,Blog del Senador Carlos Fernando Motoa,NA,1,FALSE
93,83,Blog del Senador Édgar Espíndola,NA,1,FALSE
125,851,Blog del Senador Plinio Edilberto Olano,NA,1,FALSE
129,920,Blog del Senador Carlos Arturo Quintero,NA,1,FALSE
131,1314,Blog del Senador Fuad Emilio Rapaj,NA,1,FALSE
133,122,Blog del Senador Juan Carlos Restrepo,NA,1,FALSE
134,2531,Blog del Senador Juan Carlos Rizzetto,NA,1,FALSE
79,68,Blog del Senador Efraín José Cepeda,NA,1,FALSE
140,133,Blog del Senador Luis Emilio Sierra,NA,1,FALSE
143,299,Blog del Senador Fernando Eustacio Tamayo,NA,1,FALSE
145,136,Blog del Senador Efraín Torrado,NA,1,FALSE
82,3032,Blog del Senador José Iván Clavijo,NA,1,FALSE
363,3642,Blog de La Red Latinoamericana por la Transparencia Legislativa,NA,1,FALSE
62,81,Blog del Senador Carlos Eduardo Enríquez,NA,1,FALSE
111,354,Blog del Senador Juan Mario Laserna,NA,1,FALSE
126,1794,Blog del Senador Mauricio Ernesto Ospina,NA,1,FALSE
120,108,Blog de la Senadora Alexandra Moreno Piraquive,NA,1,FALSE
68,58,Blog del Senador Luis Carlos Avellaneda,NA,1,FALSE
87,76,Blog del Senador Juan Fernando Cristo,NA,1,FALSE
78,67,Blog del Senador Bernabé Celis,NA,1,FALSE
96,636,Blog del Senador Honorio Galvis,NA,1,FALSE
61,950,Blog del Representante Guillermo Rivera,NA,1,FALSE
46,1807,Blog Senador Camilo Romero,"En este blog podrás encontrar nuestros pronunciamientos, comunicados de prensa, noticias sobre nuestra actividad legislativa y lo más importante: nuestro video de Informe Semanal.",1,FALSE
109,220,Blog del Senador Hemel Hurtado,NA,1,FALSE
144,135,Blog de la Senadora Dilian Francisca Toro,NA,1,FALSE
128,114,Blog del Senador Jorge Hernando Pedraza,NA,1,FALSE
102,654,Blog del Senador Jorge Eduardo Gechem,NA,1,FALSE
247,2603,Blog del Representante Luis Fernando Ochoa,NA,1,FALSE
88,1586,Blog del Senador César Tulio Delgado,NA,1,FALSE
130,1348,Blog de la Senadora Gloria Inés Ramírez,NA,1,FALSE
106,96,Blog del Senador Jorge Eliécer Guevara,NA,1,FALSE
148,144,Blog del Senador Juan Carlos Vélez Uribe,NA,1,FALSE
132,1264,Blog de la Senadora Liliana María Rendón,NA,1,FALSE
146,1915,Blog del Senador Félix José Valera,NA,1,FALSE
83,181,Blog del Senador Juan de Jesús Córdoba,NA,1,FALSE
204,2218,Blog de la Representante Yolanda Duque,NA,1,FALSE
155,313,Blog del Senador Jaime Alfonso Zuluaga,NA,1,FALSE
156,182,Blog de la Representante Lucero Cortés,NA,1,FALSE
361,3271,Blog del CINEP/Programa por la Paz,NA,1,FALSE
158,2226,Blog del Representante Alfonso Acosta,NA,1,FALSE
159,2981,Blog del Representante Yahir Fernando Acuña,NA,1,FALSE
160,1631,Blog del Representante Laureano Augusto Acuña,NA,1,FALSE
161,2047,Blog del Representante Iván Darío Agudelo,NA,1,FALSE
162,406,Blog del Representante Javier Tato Álvarez,NA,1,FALSE
163,2580,Blog de la Representante Claudia Marcela Amaya,NA,1,FALSE
164,154,Blog del Representante Miguel Amín,NA,1,FALSE
165,155,Blog del Representante Fabio Raúl Amín,NA,1,FALSE
166,2826,Blog de la Representante Mónica del Carmén Anaya,NA,1,FALSE
167,2982,Blog del Representante Jair Arango,NA,1,FALSE
168,1859,Blog del Representante Henry Humberto Arcila,NA,1,FALSE
169,436,Blog del Representante Miguel Jesús Arenas,NA,1,FALSE
200,2576,Blog del Representante Alfredo Rafael Deluque,NA,1,FALSE
171,2983,Blog del Representante Heriberto Arrechea,NA,1,FALSE
174,161,Blog del Representante Luis Felipe Barrios,NA,1,FALSE
175,2548,Blog del Representante Javid José Benavides,NA,1,FALSE
176,1704,Blog de la Representante Diela Liliana Benavides,NA,1,FALSE
177,163,Blog del Representante José Ignacio Bermúdez,NA,1,FALSE
100,2536,Blog de la Senadora Teresita García,NA,1,FALSE
138,994,Blog del Senador Camilo Armando Sánchez,NA,1,FALSE
70,374,Blog del Senador Carlos Baena,NA,1,FALSE
71,59,Blog del Senador Jorge Ballesteros Bernier,NA,1,FALSE
67,57,Blog del Senador Álvaro Antonio Ashton,NA,1,FALSE
179,1622,Blog del Representante Germán Alcides Blanco,NA,1,FALSE
181,486,Blog del Representante Óscar Fernando Bravo,NA,1,FALSE
65,52,Blog del Senador Hernán Francisco Andrade,NA,1,FALSE
141,1021,Blog del Senador Carlos Enrique Soto,NA,1,TRUE
105,95,Blog del Senador Antonio Guerra de la Espriella,NA,1,FALSE
142,376,Blog de la Senadora Olga Lucía Suárez,NA,1,FALSE
112,228,Blog del Senador Óscar Mauricio Lizcano,NA,1,FALSE
136,963,Blog del Senador Milton Arlex Rodríguez,NA,1,FALSE
85,2532,Blog del Senador Antonio José Correa,NA,1,FALSE
99,88,Blog del Senador Guillermo García Realpe,NA,1,FALSE
127,879,Blog de la Senadora Myriam Paredes,NA,1,FALSE
149,388,Blog del Senador Rodrigo Villalba,NA,1,FALSE
117,1556,Blog del Senador Juan Samy Merheg,NA,1,FALSE
69,2114,Blog del Senador Marco Avirama,NA,1,FALSE
90,595,Blog del Senador Jaime Enrique Durán,NA,1,FALSE
119,107,Blog del Senador Manuel Guillermo Mora,NA,1,FALSE
147,140,Blog del Senador Luis Fernando Velasco,NA,1,FALSE
89,2311,Blog del Senador Edinson Delgado,NA,1,FALSE
124,2879,Blog del Senador Iván Leonidas Name,Abogado de la Pontificia Universidad Javeriana.,1,FALSE
113,756,Blog del Senador Alexánder López Maya,NA,1,FALSE
56,2319,Blog del Representante Efraín Torres,NA,1,FALSE
187,1940,Blog del Representante Hernando Cárdenas,NA,1,FALSE
188,1255,Blog del Representante Manuel Antonio Carebilla,NA,1,FALSE
237,2906,Blog del Representante Juan Carlos Martínez,NA,1,FALSE
190,2574,Blog del Representante Eduardo José Castañeda,NA,1,FALSE
191,175,Blog de la Representante Nancy Denise Castillo,NA,1,FALSE
194,2194,Blog del Representante Alejandro Carlos Chacón,NA,1,FALSE
195,541,Blog del Representante Orlando Alfonso Clavijo,NA,1,FALSE
196,2320,Blog del Representante Carlos Arturo Correa,NA,1,FALSE
197,184,Blog del Representante Eduardo Crissien,NA,1,FALSE
198,188,Blog del Representante Carlos Alberto Cuenca,NA,1,FALSE
199,1380,Blog del Representante Fernando de la Peña,NA,1,FALSE
201,2578,Blog del Representante Eduardo Diazgranados,NA,1,FALSE
206,2522,Blog del Representante Miguel Gómez Martínez,NA,1,FALSE
205,600,Blog del Representante Luis Enrique Dussán,NA,1,FALSE
220,92,Blog del Representante Jorge Eliécer Gómez,NA,1,FALSE
207,1698,Blog del Representante Issa Eljadue,NA,1,FALSE
208,2154,Blog del Representante Carlos Alberto Escobar,NA,1,FALSE
209,2625,Blog del Representante Heriberto Escobar,NA,1,FALSE
210,2570,Blog del Representante José Bernardo Flórez,NA,1,FALSE
235,234,Blog del Representante Óscar de Jesús Marín,NA,1,FALSE
193,178,Blog del Representante Jaime Cervantes,NA,1,FALSE
211,2094,Blog de la Representante Adriana Franco,NA,1,FALSE
212,635,Blog del Representante Julio Eugenio Gallardo,NA,1,FALSE
213,1711,Blog del Representante Juan Carlos García,NA,1,FALSE
214,2579,Blog del Representante Libardo Enrique García,NA,1,FALSE
215,2528,Blog del Representante William Ramón García,NA,1,FALSE
221,678,Blog de la Representante Consuelo González de Perdomo,NA,1,FALSE
222,2619,Blog del Representante Óscar Humberto Henao,NA,1,FALSE
223,2602,Blog del Representante Carlos Eduardo Hernández,NA,1,FALSE
230,2511,Blog del Representante Juan Felipe Lemos,NA,1,FALSE
226,2628,Blog del Representante Jairo Hinestroza,NA,1,FALSE
227,1221,Blog del Representante Jack Housni,NA,1,FALSE
228,2343,Blog del Representante Carlos Abraham Jiménez,NA,1,FALSE
229,2572,Blog del Representante Nicolás Antonio Jiménez,NA,1,FALSE
231,2979,Blog del Representante Carlos Eduardo León,NA,1,FALSE
232,744,Blog del Representante Buenaventura León,NA,1,FALSE
151,146,Blog del Senador Manuel Antonio Virgüez,NA,1,FALSE
234,2152,Blog del Representante Rafael Antonio Madrid,NA,1,FALSE
236,2644,Blog de la Representante Mercedes Márquez,NA,1,FALSE
238,235,Blog de la Representante Rosmery Martínez,NA,1,FALSE
150,145,Blog del Senador Germán Villegas,NA,1,FALSE
202,2609,Blog del Representante Holger Horacio Díaz,NA,1,FALSE
172,2554,Blog del Representante Luis Guillermo Barrera,NA,1,FALSE
186,171,Blog del Representante José Joaquín Camelo,NA,1,FALSE
57,2009,Blog del Representantes Carlos Andrés Amaya,NA,1,FALSE
157,2565,Blog del Representante Camilo Andrés Abril,NA,1,FALSE
216,1307,Blog del Representante Simón Gaviria,NA,1,FALSE
152,1140,Blog de la Senadora Claudia Wilches,NA,1,FALSE
153,148,Blog del Senador Gabriel Zapata Correa,NA,1,FALSE
173,356,Blog de la Representante Lina María Barrera,NA,1,FALSE
239,2571,Blog del Representante Raymundo Elías Méndez,NA,1,FALSE
240,806,Blog del Representante José Ignacio Mesa,NA,1,FALSE
241,1752,Blog del Representante Jorge Hernán Mesa,NA,1,FALSE
243,2044,Blog del Representante Víctor Hugo Moreno,NA,1,FALSE
244,241,Blog del Representante Pedro Mary Muvdi,NA,1,FALSE
282,1432,Blog del Representante Rafael Romero,NA,1,FALSE
248,250,Blog del Representante Felipe Fabián Orozco,NA,1,FALSE
249,2623,Blog del Representante Jairo Ortega,NA,1,FALSE
251,2612,Blog del Representante Carlos Edward Osorio,NA,1,FALSE
253,252,Blog del Representante Álvaro Pacheco,NA,1,FALSE
255,1289,Blog del Representante Diego Patiño,NA,1,FALSE
258,261,Blog del Representante Pedrito Tomás Pereira,NA,1,FALSE
259,2132,Blog del Representante Pedro Pablo Pérez,NA,1,FALSE
260,197,Blog del Representante Eduardo Enrique Pérez,NA,1,FALSE
261,2566,Blog del Representante José Rodolfo Pérez,NA,1,FALSE
262,266,Blog del Representante Crisanto Pizo Mazabuel,NA,1,FALSE
263,268,Blog del Representante Augusto Posada,NA,1,FALSE
266,269,Blog del Representante Gustavo Hernán Puentes,NA,1,FALSE
267,2557,Blog del Representante Jairo Quintero,NA,1,FALSE
268,924,Blog del Representante Elías Raad,NA,1,FALSE
270,1880,Blog del Representante León Darío Ramírez,NA,1,FALSE
271,2624,Blog del Representante Adolfo León Rengifo,NA,1,FALSE
250,2086,Blog del Representante Roberto Ortiz Urueña,NA,1,FALSE
245,1290,Blog del Representante Diego Alberto Naranjo,NA,1,FALSE
274,1661,Blog del Representante Humphrey Roa Sarmiento,NA,1,FALSE
182,2978,Blog del Representante Jaime Buenahora,NA,1,FALSE
218,2568,Blog del Representante José Alfredo Gnecco,NA,1,FALSE
180,1783,Blog del Representante Alfredo Bocanegra,NA,1,FALSE
184,170,Blog del Representante Ángel Custodio Cabrera,NA,1,FALSE
275,1317,Blog del Representante Constantino Rodríguez,NA,1,FALSE
276,2581,Blog del Representante Jaime Rodríguez,NA,1,FALSE
277,2611,Blog del Representante Rubén Darío Rodríguez,NA,1,FALSE
281,2054,Blog del Representante John Jairo Roldán,NA,1,FALSE
288,1625,Blog del Representante Juan Carlos Sánchez,NA,1,FALSE
252,1627,Blog de la Representante Nidia Marcela Osorio,NA,1,FALSE
192,2471,Blog del Representante Iván Cepeda,NA,1,FALSE
185,2573,Blog del Representante José Edilberto Caicedo,NA,1,FALSE
219,1613,Blog del Representante Juan Diego Gómez,NA,1,FALSE
289,2130,Blog del Representante Iván Darío Sandoval,NA,1,FALSE
290,1809,Blog de la Representante Esmeralda Sarria,NA,1,FALSE
291,1010,Blog del Representante Luis Antonio Serrano,NA,1,FALSE
294,2553,Blog del Representante Pablo Aristóbulo Sierra,NA,1,FALSE
296,297,Blog del Representante Mario Suárez Flórez,NA,1,FALSE
298,1025,Blog del Representante Gerardo Tamayo,NA,1,FALSE
300,2610,Blog del Representante Didier Alberto Tavera,NA,1,FALSE
303,1736,Blog del Representante Noel Ricardo Valencia,NA,1,FALSE
304,378,Blog del Representante Albeiro Vanegas,NA,1,FALSE
305,1066,Blog de la Representante Victoria Vargas,NA,1,FALSE
307,306,Blog del Representante Germán Varón,NA,1,FALSE
309,1729,Blog del Representante Silvio Vásquez,NA,1,FALSE
310,2073,Blog del Representante Orlando Velandia,NA,1,FALSE
313,2328,Blog del Representante Héctor Javier Vergara,NA,1,FALSE
315,1085,Blog de la Representante Sandra Elena Villadiego,NA,1,FALSE
316,2049,Blog del Representante Víctor Raúl Yepes,NA,1,FALSE
321,312,Blog del Representante Bérner León Zambrano,NA,1,FALSE
323,314,Blog del Representante Carlos Alberto Zuluaga,NA,1,FALSE
326,2134,Blog del Representante Obed de Jesús Zuluaga,NA,1,FALSE
327,3199,"Afro, VoteBien y Controle",NA,1,FALSE
362,4265,Blog de la Bancada Animalista del Congreso de la República,NA,1,FALSE
328,3272,Blog del CINEP,NA,1,FALSE
189,232,Blog de David Luna,NA,1,FALSE
329,3392,Blog de Movimento Nacional Cimarrón,NA,1,FALSE
331,3081,Blog de Germán García,NA,1,FALSE
254,2904,Blog del Representante Hernando José Padaui,NA,1,FALSE
233,1720,Blog de la Representante Juana Carolina Londoño,NA,1,FALSE
287,1265,Blog del Representante Heriberto Sanabria,NA,1,FALSE
286,2627,Blog del Representante Juan Carlos Salazar,NA,1,FALSE
308,2575,Blog del Representante Jaime Alonso Vásquez,Si por un momento hace el papel de Congresista... Que ley implementaria?,1,FALSE
242,2986,Blog del Representante Alfredo Guillermo Molina,NA,1,FALSE
283,1333,Blog del Representante Jorge Enrique Rozo,NA,1,FALSE
295,2190,Blog del Representante Jimmy Javier Sierra,NA,1,FALSE
284,1305,Blog del Representante Pablo Enrique Salamanca,NA,1,FALSE
278,961,Blog del Representante Ciro Antonio Rodríguez,NA,1,FALSE
297,2337,Blog del Representante Libardo Antonio Taborda,NA,1,FALSE
257,2558,Blog del Representante Hernán Penagos,NA,1,FALSE
280,1724,Blog del Representante Carlos Augusto Rojas,NA,1,FALSE
272,2515,Blog de la Representante Mercedes Rincón,NA,1,FALSE
118,2454,Blog del Senador Eduardo Carlos Merlano Morales,"Las modificaciones a la Ley 181 de 1995, buscan elevar el deporte colombiano a un nivel mas empresarial, busca otorgar a los profesionales del deporte las garantías mínimas de seguridad social para que estos representantes de la nación, puedan acceder a los servicios de salud, pensión y riesgos profesionales como cualquier trabajador colombiano que se esmera día a día por colocar el nombre de su municipio, departamento o el de este país, en un lugar que merezca atención y reconocimiento de la población.",1,FALSE
334,3478,"Blog del Instituto Nacional de Cancerología (Grupo Políticas, Legislación y Movilización Social)","El Instituto Nacional de Cancerología es la entidad asesora del Ministerio de la Protección Social, en todas las temáticas relacionadas con la prevención, control y tratamiento del cáncer y sus factores de riesgo.  En sus 76 años de formación,  los avances en la atención integral del cáncer, han permitido que su abordaje transcienda la dicotomía  salud-enfermedad, avanzando hacia importantes ámbitos como el de las políticas públicas, la legislación y la movilización social.

De esta forma, hace aproximadamente 4 años se creó en el Instituto el grupo ""Políticas, Legislación y Movilización Social"", el cual se ha ido consolidando como la unidad organizacional encargada de analizar los asuntos relacionados con el cáncer, desde un punto de vista político, con especial énfasis en el tema de las políticas públicas, legislación y movilización social.

Esta innovadora perspectiva, ha permitido la incidencia del instituto en espacios de gran importancia para la gestión y el acompañamiento de iniciativas relacionadas con el tema. Dichas instancias, tales como el Congreso de la República, el Ministerio de la Protección Social, organizaciones internacionales, organizaciones de carácter social y ONG's, entre otras, constituyen foros y ámbitos de discusión en donde el cáncer y sus factores asociados, se debaten permanentemente. De ahí el interés del instituto por el trabajo corresponsable con estas entidades y organizaciones.  


",1,FALSE
345,3651,Blog de Sisma Mujer,NA,1,FALSE
347,2971,Blog de Jorge Forero,NA,1,FALSE
369,2672,Blog de la Red Nacional de Mujeres,NA,1,FALSE
376,3855,Análisis legislativo,NA,1,FALSE
357,4013,Blog del Grupo Educación en Género,NA,1,FALSE
358,4006,Blog de Concejo Cómo Vamos,NA,1,FALSE
364,4382,Blog de la Asociación Colombia Soy Yo,NA,1,FALSE
319,311,Blog del Representante Jaime Armando Yepes,NA,1,FALSE
312,2193,Blog del Representante Hugo Orlando Velásquez,NA,1,FALSE
52,2606,Blog del Representante Jorge Gómez Villamizar,NA,1,FALSE
330,3393,Blog de Razón Pública,NA,1,FALSE
269,1626,Blog de la Representante Marta Cecilia Ramírez,NA,1,FALSE
265,1991,Blog del Representante Alfonso Prada,NA,1,FALSE
320,1632,Blog del Representante Armando Antonio Zabaraín,NA,1,FALSE
373,4682,Blog del Colectivo Agrario ABYA YALA,NA,1,FALSE
279,1266,Blog del Representante Roosvelt Rodríguez,NA,1,FALSE
365,4394,Blog de la Ruta Pacífica de las Mujeres,NA,1,FALSE
349,3858,Blog de la bancada de mujeres del Congreso de la República,NA,1,FALSE
366,4418,Blog de la Conferencia Nacional de Organizaciones Afrocolombianas,NA,1,FALSE
374,2735,Blog del Partido de Integración Nacional PIN,NA,1,FALSE
351,3916,Blog del Instituto de Ciencia Política Hernán Echavarría Olózaga,NA,1,FALSE
473,8936,Blog del Representante Óscar Ospina Quintero,NA,1,FALSE
60,2535,Blog del Senador Mauricio Aguilar Hurtado,NA,1,FALSE
479,10363,Blog del Senador Iván Duque Márquez,NA,1,FALSE
367,4443,Blog de la Misión de Observación Electoral,NA,1,FALSE
352,2720,Blog del Movimiento Mira,NA,1,FALSE
154,149,Blog de la Senadora Piedad Zuccardi,NA,1,FALSE
353,2731,Blog del Partido Cambio Radical,NA,1,FALSE
354,2726,Blog del Partido Social de Unidad Nacional,NA,1,FALSE
355,2729,Blog del Partido Verde,NA,1,FALSE
368,4468,Centro de Pastoral Afrocolombiana - Bitácora,NA,1,FALSE
137,984,Blog del Senador José Darío Salazar,NA,1,FALSE
359,4005,Blog de Colombia Líder,NA,1,FALSE
360,3679,Blog del Representante Roberto José Herrera,NA,1,FALSE
372,4755,¡ALTO! Plataforma Animalista Colombiana,NA,1,FALSE
377,5170,Blog de la Mesa por la Vida y la Salud de las Mujeres,NA,1,FALSE
381,5369,Blog de la Plataforma Unidos por la Vida,NA,1,FALSE
382,5419,Blog de Ángela María Londoño,NA,1,FALSE
378,5238,Blog de la Comisión Séptima de la Cámara de Representantes,NA,1,FALSE
379,5267,Blog de la Comisión Legal de Ética y Estatuto del Congresista de Senado,NA,1,FALSE
387,5740,Blog de la Corporación Pensamiento Siglo XXI,NA,1,FALSE
170,2622,Blog del Representante Wilson Néber Arias,NA,1,FALSE
411,6730,Blog del Representante Nicolás Daniel Guerrero Montaño,NA,1,FALSE
401,1735,Blog del Representante César Augusto Franco Arbeláez,NA,1,FALSE
375,4928,Antioquia Visible,"En concordancia con los valores que fundamentan el proyecto: la transparencia, la rendición de cuentas y la consolidación de la democracia, Antioquia Visible será un grupo multidisciplinario enfocado en el análisis de la política antioqueña que ofrecerá los referentes de discusión pública respecto a la actividad legislativa del Congreso y su incidencia en el departamento de Antioquia.",1,FALSE
383,5461,Blog del Observatorio de la Democracia,NA,1,FALSE
388,1813,Blog del Representante Juan Manuel Campo Eljach,NA,1,FALSE
384,5549,Blog de la Mesa de Incidencia Politica de la Mujer Rural Colombiana,NA,1,FALSE
385,5639,Blog de los Jóvenes Verdes Colombia,NA,1,FALSE
386,5577,Blog del Representante José Gonzalo Gutiérrez Triviño,NA,1,FALSE
408,6400,Editorial,Aqui se escribe la editorial del boletin. Ejemplo.,7,FALSE
391,6147,Blog de la Corporación Excelencia en la Justicia,NA,1,FALSE
392,56,Blog del Senador Samuel Benjamín Arrieta Buelvas,NA,1,FALSE
393,77,Blog del Senador Parmenio Cuellar Bastidas,NA,1,FALSE
394,89,Blog del Senador Jesús Ignacio García Valencia,NA,1,FALSE
395,158,Blog del Representante Carlos Enrique Ávila Durán,NA,1,FALSE
398,880,Blog del Representante Francisco Alfonso Pareja González,NA,1,FALSE
399,982,Blog del Representante Luis Enrique Salas Moisés,NA,1,FALSE
400,1694,Blog del Representante Carlos Nery López Carbonó,NA,1,FALSE
402,2071,Blog del Representante Miguel Ángel Pinto Hernandez,NA,1,FALSE
403,2237,Blog del Representante Hernando Cárdenas Cardoso,NA,1,FALSE
404,2516,Blog del Representante Luis Eduardo Díaz Granados Torres,NA,1,FALSE
405,3678,Blog del Senador Manuel Julían Mazenet Corrales,NA,1,FALSE
406,6100,Blog del Representante John Jairo Cárdenas Morán,NA,1,FALSE
409,6686,Blog de la Senadora Astrid Sanchez,NA,1,FALSE
224,2987,Blog del Representante Hernando Hernández,NA,1,FALSE
407,6310,Blog de la Organización Nacional Indígena de Colombia (ONIC),"Desde su conformación en 1.971, el Consejo Regional Indígena del Cauca-CRIC, se constituyó en un dinamizador  de los procesos reivindicatorios y de resistencia que adelantaban los pueblos indígenas colombianos a lo largo de la geografía nacional para demandar del Estado colombiano medidas de protección para sus territorios ancestrales, entidades culturales y derechos fundamentales.

Con el propósito de visibilizar y socializar sus problemáticas, compartir la experiencia organizativa y establecer dinámicas de unidad para la exigibilidad de sus derechos, a los  Congresos Regionales y espacios de trabajo colectivo  del CRIC, asistían cada vez y de manera más representativa autoridades y delegados indígenas  de otros  pueblos y comunidades indígenas de Colombia.  Este fenómeno de integración durante la década de los setenta, permitió  que en algunos congresos del  CRIC se realizaran comisiones de trabajo para tratar los asuntos de los pueblos indígenas de Colombia.  Así conocimos a líderes de los pueblos Arhuaco, Kogui, Sikuani, Emberá, Cañamomo, Pijao,  Pasto  y Amazónicos, entre otros, quienes  en unión de los Nasa, Coconuco y Giuambiano, estimularon y trabajaron para la conformación de una entidad organizativa que representará y desatará acciones  a nivel nacional para realizar los intereses de los pueblos indígenas del País.

En esta dinámica de sacar a la luz pública y denunciar ante la comunidad nacional e internacional los atropellos que a diario vivían los indígenas en Colombia, el periódico “Unidad Indígena”, órgano oficial del CRIC, se constituyó en el vocero y medio fundamental para la visibilización de las necesidades, amenazas y vulneración de los derechos de los pueblos Indígenas. Su director Trino Morales, indígena Guambiano quien desde 1963 venia liderando procesos de recuperación territorial de su pueblo, fue el encargado por el CRIC, para trabajar en el tema organizativo nacional.

Trino Morales acompañado de líderes indígenas del Tolima, Cauca, la Sierra Nevada, Antioquia, Caldas, Nariño y los Llanos Orientales, entre otros, visitaron durante dos años a los pueblos indígenas del país en comisiones de trabajo que aún hoy se recuerdan con nostalgia.  Del esfuerzo de este puñado de compañeros  surge el Primer Encuentro Indígena Nacional de Colombia, realizado en la comunidad de Lomas de Ilarco, Municipio de Coyaima, sur del Departamento del Tolima, el 12 de octubre de 1980. Evento que constituye el primer paso concertado entre pueblos, autoridades  y organizaciones indígenas para dotar al movimiento indígena nacional de una estructura política y organizativa del mismo orden.

Mil quinientos delegados en representación de los pueblos indígenas del país, en asamblea general acordaron en Lomas de Ilarco la creación de la Coordinadora Nacional Indígena de Colombia a quien le encomendaron la organización y convocatoria del Primer Congreso Indígena Nacional; así como la  constitución de la ONIC.

La ONIC como proyecto político de carácter nacional, constituye hasta el momento la primera y única apuesta concertada y propia de los pueblos indígenas de  Colombia, para hacerle frente a la defensa y protección de sus derechos especiales, colectivos y culturales, desde la unidad de acción organizativa y programática. El Primer Congreso Indígena Nacional que institucionalizó la Organización Nacional indígena de Colombia, fue celebrado en la Localidad de Bosa en febrero de 1982, y estuvo conformado por representantes del 90% de los pueblos  indígenas  colombianos y contó con la presencia de 12 delegaciones indígenas  internacionales. Por primera vez en la historia nacional, dos mil quinientos delegados de los diferentes pueblos indígenas del país, se reunían para conversar sobre su pasado, presente y futuro; además para proponerle al Estado colombiano estrategias para la protección de la integralidad de sus identidades étnicas.

El Primer Congreso Indígena Nacional adoptó para la ONIC los principios de Unidad, Tierra, Cultura y Autonomía  que configuran  las líneas de acción de la entidad y produjo  su mandato en temas como la Legislación Indígena y el cumplimiento por parte del estado de la Ley 89 de 1890, recomendando a todos los indígenas del país el fortalecimiento de la autonomía indígena y de rodear a las autoridades tradicionales para el ejercicio de su gobierno.

Al momento de conformarse la ONIC, Colombia atravesaba por uno de los momentos más  difíciles  de su historia nacional matizado por el asenso al poder político del Estado de personajes vinculados a economías subterráneas, la presencia de grupos de justicia privada, el fortalecimiento del accionar de los grupos guerrilleros y el desconocimiento por parte del Estado y el Gobierno Nacional de los derechos y libertades fundamentales de  los ciudadanos colombianos,  todo lo cual generó un clima de violencia institucional, caracterizada por la violación sistemática de los DDHH y de infracciones al DIH, lo que afectó de manera dolorosa a los pueblos indígenas quienes llevaran para siempre en su memoria las masacres, torturas, desapariciones y asesinatos de sus autoridades y dirigentes desde la política gubernamental del Estatuto de Seguridad, impuesta por el presidente Turbay Ayala.

En la década de los ochenta  la dinámica organizativa y política de los pueblos indígenas de Colombia, se inscribe en un proceso de exigibilidad de derechos de los pueblos indígenas a nivel mundial.  Por lo mismo mientras  en Colombia los pueblos indígenas dan un primer paso hacia la realización de su autonomía política y organizativa,  a nivel internacional las minorías étnicas acceden a  espacios y escenarios de incidencia donde logran ser admitidos y escuchados en sus problemáticas. Fruto de esta dinámica, el 9 de agosto de 1982, se reúne por primera vez  la El Grupo de Trabajo sobre Poblaciones Indígenas, establecido a raíz del estudio presentado por el Sr. Martínez Cobo, Relator Especial de la Comisión de Derechos Humanos de la Naciones Unidas, sobre la situación de los derechos humanos y las libertades fundamentales de los indígenas. Este Grupo de Trabajo, actuó como órgano subsidiario de la Subcomisión de Prevención de Discriminaciones y Protección a las Minorías. Es más, para conmemorar la fecha de la primera reunión de  este grupo,  la Asamblea General de las Naciones Unidas, instituyó  el nueve de agosto como día internacional de las poblaciones  indígenas.",1,FALSE
410,1374,Blog del Representante Gilberto Rondón González,NA,1,FALSE
114,2356,Blog del Senador Juan Francisco Lozano,NA,1,FALSE
477,9518,Blog del Representante Rafael Eduardo Palau Salazar,NA,1,FALSE
478,9516,Blog del Representante Elbert Díaz Lozano,NA,1,FALSE
350,2733,Blog del Polo Democrático Alternativo,NA,1,FALSE
480,9175,Blog del Representante Jorge Ricardo Parra Sepúlveda,NA,1,FALSE
482,9132,Blog de la Representante Ana Cristina Paz Cardona,NA,1,FALSE
481,596,Blog del Representante Antenor Durán Carrillo,NA,1,FALSE
474,1560,Blog de la Representante Marta Cecilia Curi Osorio,NA,1,FALSE
476,9318,Blog del Senador Javier Mauricio Delgado Martínez,NA,1,FALSE
484,10268,Blog de la Representante Flora Perdomo Andrade,NA,1,FALSE
485,8187,Blog del Representante Rafael Elizalde Gómez,NA,1,FALSE
486,8129,Blog del Representante Ciro Fernández Nuñez,NA,1,FALSE
487,9787,Blog del Representante José Luis  Pérez Oyuela,NA,1,FALSE
488,8172,Blog del Representante Ricardo Flórez Rueda,NA,1,FALSE
489,8571,Blog del Representante Ángel María Gaitán Pulido,NA,1,FALSE
475,9456,Blog del Representante Alonso José Del Rio Cabarcas,NA,1,FALSE
483,8162,Blog del Representante Nicolás Albeiro Echeverry Alvarán,NA,1,FALSE
135,125,Blog del Senador Jorge Enrique Robledo,NA,1,FALSE
123,2716,Blog del Senador José David Name,"Senador de la República, orgullosamente Colombiano. Mi trabajo se resume en una continua apuesta a la defensa de los ciudadanos y el medio ambiente.",1,FALSE
63,1782,Blog del Representante David Alejandro Barguil,NA,1,FALSE
397,593,Blog del Senador Luis Fernando Duque García,NA,1,FALSE
396,202,Blog del Senador Lidio Arturo García Turbay,NA,1,FALSE
390,5607,Blog de la Senadora Doris Clemencia Vega Quiroz,NA,1,FALSE
490,897,Blog del Representante Oscar Darío Pérez Pineda,NA,1,FALSE
115,2520,Blog de la Senadora Maritza Martínez,NA,1,FALSE
54,2521,Blog de la Representante Ángela María Robledo,NA,1,FALSE
515,216,Blog del Representante Orlando Aníbal  Guerra de la Rosa,NA,1,FALSE
522,8687,Blog de la Representante Inés Cecilia López Flórez,NA,1,FALSE
523,8949,Blog del Representante Álvaro López Gil,NA,1,FALSE
524,8391,Blog del Representante Mario Alberto Castaño Pérez,NA,1,FALSE
536,10308,Blog del Representante Fernando Sierra Ramos,NA,1,FALSE
492,9962,Blog de la Senadora Yamina del Carmen Pestana Rojas,NA,1,FALSE
519,8004,Blog del Representante Samuel Alejandro Hoyos Mejía,NA,1,FALSE
531,9662,Blog de la Representante Candelaria Patricia  Rojas Vergara,NA,1,FALSE
537,8507,Blog del Representante Leopoldo Suárez Melo,NA,1,FALSE
512,9799,Blog del Representante Jorge Emilio  Rey Ángel,NA,1,FALSE
516,10128,Blog del Senador Julio Miguel Guerra Sotto,NA,1,FALSE
506,10003,Blog de la Representante Kelyn Johana  González Duarte,NA,1,FALSE
513,2184,Blog del Representante Juan Fernando  Reyes Kuri,NA,1,FALSE
517,8941,Blog del Representante José Elver Hernández Casas,NA,1,FALSE
264,907,Blog de la Representante Alba Luz Pinilla,"Mi compromiso es garantizar el cumplimiento de la Ley de Salud Mental y consolidar los objetivos de promoción de las políticas públicas en prevención y atención  integral de la salud mental de los colombianos(as).
Como autora de la Ley 1616 de 2013 seguiré trabajando por eliminar el estigma y la discriminación de los pacientes de salud mental y por la superación de las barreras en la atención que afectan a los pacientes, sus familias y cuidadores. 
Mi compromiso es fortalecer la participación y autonomía de las comunidades regionales en la determinación, diseño y ejecución de los proyectos económicos, sociales y ambientales de gran impacto en sus territorios.
Continuaré promoviendo las iniciativas generadas por la sociedad civil colombiana en materia de seguridad y soberanía alimentaria. Seguiré elaborando y presentando al Congreso proyectos de ley concertados con los sectores productivos en beneficio de una adecuada plataforma de producción, distribución y consumo de alimentos en nuestro país.
Buscaré comprometer esfuerzos legislativos que garanticen de manera integral los derechos fundamentales y la protección integral de la familia, la infancia, la juventud y la mujer colombiana.
Lideraré acciones educativas y culturales que contribuyan al proceso de reconciliación y perdón entre los colombianos(as).",1,FALSE
417,10298,Blog del Senador Everth Bustamante García,NA,1,FALSE
421,8645,Blog del Senador Segundo Senen Niño Avendaño,NA,1,FALSE
450,9465,Blog de la Representante Luz Adriana Moreno Marmolejo,NA,1,FALSE
451,9460,Blog del Representante Jairo Enrique Castiblanco Parra,NA,1,FALSE
426,8582,Blog del Representante Fabio Alonso Arroyave Botero,NA,1,FALSE
217,2605,Blog del Representante Atilano Alonso Giraldo,NA,1,FALSE
413,11033,Blog de Balance de Cuatrienio,NA,8,FALSE
452,9475,Blog del Representante Christian José Moreno Villamizar,NA,1,FALSE
203,191,Blog de la Representante Gloria Stella Díaz,NA,1,FALSE
429,8900,Blog del Representante Jaime Felipe Lozada Polanco,NA,1,FALSE
430,8944,Blog del Representante Miguel Ángel Barreto Castillo,NA,1,FALSE
431,8415,Blog del Representante Juan Carlos Losada Vargas,NA,1,FALSE
432,10769,Blog del Representante Julián Bedoya Pulgarín,NA,1,FALSE
433,2382,Blog de la Representante Angélica Lozano Correa,NA,1,FALSE
434,8333,Blog del Representante Eduar Luis Benjumea Moreno,NA,1,FALSE
435,9590,Blog de la Representante María del Socorro Bustamante Ibarra,NA,1,FALSE
437,8000,Blog de la Representante María Fernanda Cabal Molina,NA,1,FALSE
438,10074,Blog del Representante Franklin del Cristo Lozano de la Ossa,NA,1,FALSE
442,8584,Blog del Representante Norbey Marulanda Muñoz,NA,1,FALSE
444,8369,Blog del Representante Silvio José Carrasquilla Torres,NA,1,FALSE
445,8677,Blog de la Representante Aida Merlano Rebolledo,NA,1,FALSE
446,9503,Blog del Representante Wilmer Ramiro Carrillo Mendoza,NA,1,FALSE
454,9783,Blog del Representante Fabián Gerardo  Castillo Suarez,NA,1,FALSE
457,8336,Blog del Representante Pedro Jesús Orjuela Gómez,NA,1,FALSE
458,8122,Blog de la Representante Johana Chaves García,NA,1,FALSE
460,9691,Blog del Representante Edgar Alexander Cipriano Moreno,NA,1,FALSE
461,9426,Blog de la Representante Nery Oros Ortiz,NA,1,FALSE
463,9589,Blog del Representante Moisés Orozco Vicuña,NA,1,FALSE
465,9811,Blog del Representante Eloy Chichi  Quintero Romero,NA,1,FALSE
467,8913,Blog de la Representante Sandra Liliana Ortiz Nova,NA,1,FALSE
468,8520,Blog del Representante Neftalí Correa Díaz,NA,1,FALSE
471,10419,Blog del Representante Carlos Alberto Cuero Valencia,NA,1,FALSE
472,9774,Blog de la Representante Karen Violette Cure Corcione,NA,1,FALSE
493,8167,Blog del Representante Luis Horacio Gallón Arango,NA,1,FALSE
494,10309,Blog del Representante Pierre Eugenio  García Jacquier,NA,1,FALSE
495,9479,Blog de la Representante Sara Elena Piedrahita Lyons,NA,1,FALSE
496,10573,Blog del Representante Alexander García Rodríguez,NA,1,FALSE
415,8255,Blog de la Representante Ana Paola Agudelo García,NA,1,FALSE
422,9126,Blog del Senador Jorge Eliéser Prieto Riveros,NA,1,FALSE
449,819,Blog de la Senadora Viviane Aleyda Morales Hoyos,NA,1,FALSE
459,9367,Blog del Senador Luis Evelis Andrade Casamá,NA,1,FALSE
441,10354,Blog del Senador Daniel Alberto  Cabrales Castillo,NA,1,FALSE
464,8491,Blog del Representante Nilton Córdoba Manyoma,NA,1,TRUE
412,1568,Blog del senador Arturo Yepes Alzate,NA,1,FALSE
443,10311,Blog del Senador Carlos Felipe Mejía Mejía,NA,1,FALSE
418,10443,Blog de la Senadora Susana Correa Borrero,NA,1,FALSE
469,9708,Blog del Senador Jorge Iván Ospina Gómez,NA,1,FALSE
420,9115,Blog del Senador Andrés García Zuccardi,NA,1,FALSE
436,9321,Blog de la Senadora Nadia Georgette Blel Scaff,NA,1,FALSE
416,8854,Blog de la Representante Guillermina Bravo Montaño,NA,1,FALSE
419,9328,Blog del Senador Mario Alberto Fernández Alcocer,NA,1,FALSE
466,8029,Blog del Representante Wilson Córdoba Mena,NA,1,FALSE
447,10287,Blog del Representante Rubén Darío  Molano Piñeros,NA,1,TRUE
425,9369,Blog del Senador Fernando Nicolás Araujo Rumié,NA,1,FALSE
439,8002,Blog de la Representante Tatiana Cabello Flores,NA,1,FALSE
462,9497,Blog de la Representante Elda Lucy Contento Sanz,NA,1,FALSE
440,10362,Blog del Senador Ernesto Macías Tovar,NA,1,FALSE
448,10431,Blog del Senador Orlando Castañeda Serrano,NA,1,FALSE
456,69,Blog del Senador Arturo Char Chaljub,NA,1,FALSE
428,8461,Blog del Representante Inti Raúl Asprilla Reyes,NA,1,FALSE
470,8368,Blog del Senador Andrés Cristo Bustos,NA,1,FALSE
424,8404,Blog del Representante Jorge Camilo Abril Tarache,NA,1,FALSE
73,61,Blog del Senador Armando Benedetti,NA,1,FALSE
427,8983,Blog de la Senadora Claudia Nayibe López Hernández,NA,1,FALSE
455,841,Blog del Senador Antonio José  Navarro Wolff,NA,1,FALSE
499,10402,Blog del Representante Álvaro Hernán  Prada Artunduaga,NA,1,FALSE
500,10776,Blog del Senador Eduardo Enrique Pulgar Daza,NA,1,FALSE
502,8341,Blog del Representante Mauricio Gómez Amín,NA,1,FALSE
504,10438,Blog de la Senadora Ana Mercedes  Gómez Martínez,NA,1,FALSE
547,10435,Blog de la Senadora Ruby Thania Vega de Plazas,NA,1,FALSE
538,9523,Blog del Representante Jorge Eliecer Tamayo Marulanda,NA,1,FALSE
509,1780,Blog del Representante Hugo Hernán González Medina,NA,1,FALSE
521,101,Blog del Representante Rodrigo Lara Restrepo,NA,1,FALSE
525,10760,Blog de la Representante Ana María Rincón Herrera,NA,1,FALSE
527,9459,Blog del Representante Cristóbal Rodríguez Hernández,NA,1,FALSE
520,8028,Blog del Representante Federico Eduardo Hoyos Salazar,NA,1,FALSE
530,2223,Blog de la Representante Clara Leticia Rojas González,NA,1,FALSE
526,8933,Blog del Representante Juan Carlos Rivera Peña,NA,1,FALSE
528,8586,Blog del Representante Marco Sergio Rodríguez Merchán,NA,1,FALSE
535,8525,Blog del Representante José Neftalí Santos Ramírez,NA,1,FALSE
541,8173,Blog de la Representante María Eugenia Triana Vargas,NA,1,FALSE
534,10010,Blog del Representante Oscar Hernán  Sánchez León,NA,1,FALSE
544,8768,Blog del Representante Luis Fernando Urrego Carvajal,NA,1,FALSE
551,8513,Blog del Representante Ángelo Antonio Villamil Benavides,NA,1,FALSE
552,8026,Blog de la Representante María Regina Zuluaga Henao,NA,1,FALSE
554,570,Blog del Representante Alfredo Ape Cuello Baute,NA,1,FALSE
557,534,Blog del Senador Jimmy Chamorro Cruz,NA,1,FALSE
559,9176,Blog del Representante Antonio Restrepo Salazar,NA,1,FALSE
560,11231,Blog de la Fundación ACUA,NA,1,FALSE
48,2306,Blog del senador Eugenio Prieto Soto,"Este blog hace parte de mi compromiso personal con la construcción de cultura política y de ciudadanía crítica, autónoma, objetiva, independiente, consciente de sus derechos pero aún más de sus deberes y de su rol ético individual en la construcción colectiva de territorio.",1,FALSE
348,3784,De la política y otros demonios,"Periodista y Magíster en Ciencia Política. 
Community Manager y Directora de Comunicaciones del Programa Congreso Visible.",1,FALSE
380,5323,Blog del Programa PAIIS,NA,1,FALSE
548,8418,Blog de la Representante Olga Lucia Velásquez Nieto,NA,1,FALSE
561,9789,Blog de la Representante Gloria Betty Zorro Africano,NA,1,FALSE
562,11816,Blog de Caribe Visible (UTB),NA,1,FALSE
17,2489,Reportajes,Reportajes del equipo Congreso Visible,2,FALSE
491,8518,Blog del Senador Carlos Fernando Galán Pachón,NA,1,FALSE
529,8003,Blog del Representante Edward David Rodríguez Rodríguez,NA,1,FALSE
546,10416,Blog de la Senadora Paloma Susana  Valencia Laserna,NA,1,FALSE
139,1002,Blog del Senador Guillermo Antonio Santos,NA,1,FALSE
558,8580,Blog del Representante Hernán Sinisterra Valencia,NA,1,FALSE
511,2219,Blog del Representante Luciano Grisales Londoño,NA,1,FALSE
556,412,Blog del Senador Jaime Alejandro Amín Hernández,NA,1,FALSE
92,607,Blog del Senador Manuel Mesías Enríquez,NA,1,FALSE
539,9478,Blog del Representante Eduardo José Tous de la Ossa,NA,1,FALSE
510,8030,Blog de la Representante Margarita María Restrepo Arango,NA,1,FALSE
550,9447,Blog de la Representante Martha Patricia Villalba Hodwalker,NA,1,FALSE
540,10343,Blog de la Senadora Nohora Stella  Tovar Rey,NA,1,FALSE
503,10376,Blog del Representante Ciro Alejandro Ramírez Cortes,NA,1,FALSE
533,8048,Blog del Representante Víctor Javier Correa Vélez,NA,1,FALSE
498,8373,Blog de la Senadora Sofía Alejandra Gaviria Correa,NA,1,FALSE
76,2039,Blog del Senador Germán Bernardo Carlosama,NA,1,TRUE
542,8400,Blog del Representante Alirio Uribe Muñoz,NA,1,FALSE
545,8027,Blog del Representante Santiago Valencia González,NA,1,FALSE
256,260,Blog del Representante Telésforo Pedraza,NA,1,FALSE
505,9138,Blog del Senador Alfredo Ramos Maya,NA,1,FALSE
555,1258,Blog del Representante Oscar de Jesús Hurtado Pérez,NA,1,FALSE
532,8929,Blog del Representante Mauricio Salazar Peláez,NA,1,FALSE
507,10367,Blog del Senador Alfredo Rangel Suarez,NA,1,FALSE
518,10369,Blog de la Senadora Paola Andrea  Holguín Moreno,NA,1,FALSE
501,10345,Blog del Senador José Obdulio  Gaviria Vélez,NA,1,FALSE
553,10418,Blog del Senador Honorio Miguel Henriquez Pinedo,NA,1,FALSE
497,8017,Blog de la Representante Esperanza María Pinzón de Jiménez,NA,1,FALSE
543,9276,Blog del Senador Álvaro Uribe Vélez,NA,1,FALSE
423,8367,Blog del Senador Horario Serpa Uribe,NA,1,FALSE
514,10316,Blog de la Senadora María del Rosario Guerra de la Espriella,NA,1,FALSE
549,8527,Blog de la Representante Argenis Velásquez Ramírez,NA,1,FALSE
183,2604,Blog del Representante Didier Burgos,NA,1,FALSE
577,10389,Blog de la Senadora Ruby Helena Chagui,NA,1,FALSE
578,15233,Blog del Senador Alejandro Corrales Escobar,NA,1,FALSE
579,15246,Blog del Senador Nicolas Pérez Vásquez,NA,1,FALSE
580,15219,Blog del Senador Carlos Manuel Meisel,NA,1,FALSE
581,10296,Blog de la Senadora Milla Patricia Romero,NA,1,FALSE
178,2582,Blog del Representante Bayardo Gilberto Betancourt,NA,1,FALSE
582,15247,Blog del Senador John Harold Suarez,NA,1,FALSE
583,15384,Blog del Senador Didier Lobo Chinchilla,NA,1,FALSE
584,15375,Blog del Senador Edgar Jesús Díaz,NA,1,FALSE
585,15378,Blog del Senador Richard Alfonso Aguilar,NA,1,FALSE
586,14494,Blog de la Representante Irma Luz Herrera,NA,1,FALSE
587,15435,Blog del Senador Antonio Luis Zabaraín,NA,1,FALSE
588,1343,Blog de la Senadora Claudia Rodríguez Castellanos,NA,1,FALSE
589,2207,Blog del Senador Temístocles Ortega Narváez,NA,1,FALSE
590,14261,Blog del Senador Carlos Andrés Trujillo,NA,1,FALSE
591,14267,Blog de la Senadora Esperanza Andrade De Osso,NA,1,FALSE
592,14264,Blog de la Senadora Soledad Tamayo Tamayo,NA,1,FALSE
593,14388,Blog del Senador Horacio Serpa Moncada,NA,1,FALSE
594,14207,Blog de la Senadora Laura Fortich Sánchez,NA,1,FALSE
595,14802,Blog del Senador Jose López Peña,NA,1,FALSE
596,14782,Blog del Senador John Moises Besaile,NA,1,FALSE
564,13402,Partido Centro Democrático,NA,1,FALSE
565,13403,Comisión Legal de la Mujer,NA,1,FALSE
597,15282,Blog del Senador Aurelijus Rutenis Antanas Mockus,NA,1,FALSE
598,15325,Blog del Senador Jose Aulo Polo Narváez,NA,1,FALSE
566,13426,Comisión Legal para la Equidad de la Mujer,NA,1,FALSE
599,15289,Blog del Senador Luis Ivan Marulanda,NA,1,FALSE
600,15292,Blog del Senador Antonio Eresmid Sanguino,NA,1,FALSE
601,8409,Blog del Senador Juan Luis Castro Córdoba,NA,1,FALSE
602,14916,Blog del Senador Pedro Leonidas Gómez Gómez,NA,1,FALSE
603,14995,Blog del Senador Gustavo Bolivar Moreno,NA,1,FALSE
604,15006,Blog de la Senadora Aida Avella Esquibel,NA,1,FALSE
567,13494,Comisión Legal de Equidad de la Mujer,NA,1,FALSE
605,15900,Blog del Senador Jonatán Tamayo Pérez,NA,1,FALSE
606,15025,Blog de la Senadora Gloria Inés Flórez Schneider,NA,1,FALSE
607,8829,Blog de la Senadora Aydee Lizarazo Cubillos,NA,1,FALSE
608,14410,Blog del Senador Feliciano Valencia Medina,NA,1,FALSE
609,9615,Blog del Senador Manuel Bitervo Palchucan,NA,1,FALSE
414,8046,Blog del Representante Carlos Eduardo Guevara Villabon,NA,1,FALSE
610,14345,Blog del Representante Julián Peinado Ramírez,NA,1,FALSE
611,14201,Blog del Representante Juan Diego Echavarría Sánchez,NA,1,FALSE
568,13509,Andrés Felipe Villamizar,NA,1,FALSE
246,244,Blog del Representante Carlos Germán Navas,NA,1,FALSE
570,97,Hernan Gustavo Estupiñan,NA,1,FALSE
571,13510,Hernan Gustavo Estupiñan,NA,1,FALSE
572,13511,Hernan Gustavo Estupiñan,NA,1,FALSE
612,8338,Blog del Representante Nevardo Eneiro Rincón,NA,1,FALSE
508,8398,Blog del Representante Harry Giovanny González García,NA,1,FALSE
613,15179,Blog de la Representante Jezmi Lizeth Barraza,NA,1,FALSE
453,8710,Blog del Senador Jesús Alberto Castilla Salazar,NA,1,FALSE
95,86,Blog del Senador Juan Manuel Galán,NA,1,FALSE
573,15907,Frente Parlamentario contra el Hambre,Comisión accidental del Frente Parlamentario contra el Hambre - capítulo Colombia,1,TRUE
574,391,Blog del Representante Carlos Eduardo Acosta Lozano,NA,1,FALSE
575,15899,Blog de la Senadora Amanda Rocio González,NA,1,FALSE
576,15198,Blog del Senador Gabriel Jaime Velasco,NA,1,FALSE
614,9462,Blog del Representante Rodrigo Arturo Rojas Lara,NA,1,FALSE
615,13796,Blog del Representante Jose Luis Correa López,NA,1,FALSE
616,13631,Blog del Representante Andrés David Calle Aguas,NA,1,FALSE
617,9696,Blog del Representante Alexander Harley Bermúdez Lasso,NA,1,FALSE
618,13882,Blog del Representante Alejandro Alberto Vega Pérez,NA,1,FALSE
619,15763,Blog del Representante Hernan Gustavo Estupiñan Calvache,NA,1,FALSE
620,15745,Blog del Representante Carlos Adolfo Ardila Espinoza,NA,1,FALSE
621,13739,Blog del Representante Juan Carlos Reinales Agudelo,NA,1,FALSE
622,13681,Blog de la Representante Elizabeth Jay-Pang Díaz,NA,1,FALSE
623,15628,Blog de la Representante Nubia López Morales,NA,1,FALSE
624,15630,Blog del Representante Victor Manuel Ortíz Joya,NA,1,FALSE
625,15034,Blog de la Representante Angela Patricia Sánchez,NA,1,FALSE
626,15405,Blog del Representante Fabio Fernando Arroyave Rívas,NA,1,FALSE
627,15701,Blog de la Representante Adriana Gómez Millán,NA,1,FALSE
628,15680,Blog del Representante Álvaro Henry Monedero Rivera,NA,1,FALSE
629,14342,Blog del Representante Henry Fernando Correal Herrera,NA,1,FALSE
630,13949,Blog de la Representante Yenica Sugein Acosta Infante,NA,1,FALSE
631,14808,Blog del Representante Esteban Quintero Cardona,NA,1,FALSE
632,14822,Blog del Representante Juan Fernando Espinal Ramírez,NA,1,FALSE
633,8145,Blog del Representante Cesar Eugenio Martínez Restrepo,NA,1,FALSE
634,14820,Blog del Representante John Jairo Bermúdez Garcés,NA,1,FALSE
635,14011,Blog del Representante Luis Emilio Tovar Bello,NA,1,FALSE
636,8356,Blog del Representante Jose Jaime Uscategui Pastrana,NA,1,FALSE
637,14400,Blog del Representante Gabriel Santos García,NA,1,FALSE
638,14395,Blog del Representante Enrique Cabrales Baquero,NA,1,FALSE
639,1660,Blog del Representante Héctor Angel Ortíz Núñez,NA,1,FALSE
640,13983,Blog del Representante Luis Fernando Gómez Betancurt,NA,1,FALSE
641,13620,Blog del Representante Edwin Alberto Valdés,NA,1,FALSE
642,13645,Blog del Representante Jairo Giovany Cristancho Tarache,NA,1,FALSE
643,14737,Blog del Representante Juan David Vélez Trujillo,NA,1,FALSE
644,8860,Blog del Representante Hernan Humberto Garzón Rodríguez,NA,1,FALSE
645,13872,Blog de la Representante Jennifer Kristin Arias Falla,NA,1,FALSE
646,9418,Blog del Representante Juan Pablo Celis Vergel,NA,1,FALSE
647,14614,Blog del Representante Diego Javier Osorio Jiménez,NA,1,FALSE
648,13720,Blog del Representante Gabriel Jaime Vallejo,NA,1,FALSE
649,8175,Blog del Representante Oscar Leonardo Villamizar,NA,1,FALSE
650,15666,Blog del Representante Edwin Gilberto Ballesteros,NA,1,FALSE
651,2329,Blog del Representante Ricardo Alfonso Ferro Lozano,NA,1,FALSE
652,355,Blog del Representante Christian Munir Garcés Aljure,NA,1,FALSE
653,14548,Blog del Representante Milton Hugo Angulo Viveros,NA,1,FALSE
654,15138,Blog del Representante Gustavo Londoño García,NA,1,FALSE
655,15274,Blog del Representante César Augusto Lorduy,NA,1,FALSE
656,15287,Blog del Representante Jose Gabriel Amar Sepúlveda,NA,1,FALSE
657,14940,Blog del Representante Jose Daniel López Jiménez,NA,1,FALSE
658,1977,Blog del Representante Erwin Arías Betancur,NA,1,FALSE
659,15774,Blog del Representante Néstor Leonardo Rico Rico,NA,1,FALSE
660,13863,Blog del Representante David Ernesto Pulido Novoa,NA,1,FALSE
661,14688,Blog del Representante Julio César Triana Quintero,NA,1,FALSE
662,15131,Blog del Representante Carlos Mario Farelo Daza,NA,1,FALSE
663,9810,Blog del Representante Jose Luis Pinedo Campo,NA,1,FALSE
664,14340,Blog del Representante Jairo Humberto Cristo Correa,NA,1,FALSE
665,13675,Blog del Representante Jorge Méndez Hernández,NA,1,FALSE
666,13906,Blog del Representante Salim Villamil Quessep,NA,1,FALSE
667,13777,Blog del Representante Aquileo Medina Arteaga,NA,1,FALSE
668,15313,Blog del Representante Oswaldo Arcos Benavídez,NA,1,FALSE
669,15217,Blog del Representante Óscar Camilo Arango Cárdenas,NA,1,FALSE
670,13993,Blog del Representante Harold Augusto Valencia Infante,NA,1,FALSE
671,14531,Blog de la Representante Mónica María Raigoza Morales,NA,1,FALSE
672,746,Blog del Representante Óscar Tulio lizcano González,NA,1,FALSE
673,13833,Blog del Representante John Jairo Cárdenas Morán,NA,1,FALSE
674,13835,Blog del Representante Carlos Felipe Muñóz Bolaños,NA,1,FALSE
675,15810,Blog del Representante Jose Eliécer Salazar López,NA,1,FALSE
676,13654,Blog del Representante Erasmo Elias Zuleta Bechara,NA,1,FALSE
677,13656,Blog del Representante Jorge Enrique Burgos Lugo,NA,1,FALSE
678,13931,Blog del Representante Anatolio Hernández Lozano,NA,1,FALSE
679,15116,Blog del Representante Hernando Guida Ponce,NA,1,FALSE
680,15413,Blog de la Representante Teresa de Jesús Enriquez Rosero,NA,1,FALSE
681,14582,Blog de la Representante Norma Hurtado Sánchez,NA,1,FALSE
682,14588,Blog del Representante John Jairo Hoyos García,NA,1,FALSE
683,14328,Blog de la Representante Mónica Liliana Valencia Montaña,NA,1,FALSE
684,14984,Blog del Representante Juan Carlos Wills Ospina,NA,1,FALSE
685,14237,Blog del Representante Yamil Hernando Arana Padaui,NA,1,FALSE
686,14249,Blog del Representante Emeterio Jose Montes de Castro,NA,1,FALSE
687,13804,Blog del Representante Félix Alejandro Chica Correa,NA,1,FALSE
688,13634,Blog del Representante Wadith Alberto Manzur Imbett,NA,1,FALSE
689,14179,blog de la Representante María Cristina Soto de Gómez,NA,1,FALSE
690,15757,Blog del Representante Felipe Andrés Muñoz Delgado,NA,1,FALSE
691,15741,Blog del Representante Jimmy Harold Díaz Burbano,NA,1,FALSE
692,13787,Blog de la Representante Adriana Magali Matíz Vargas,NA,1,FALSE
693,15374,Blog del Representante José Gustavo Padilla Orozco,NA,1,FALSE
694,14496,Blog del Representante León Fredy Muñoz Lopera,NA,1,FALSE
695,14510,Blog de la Representante Juanita María Goebertus Estrada,NA,1,FALSE
696,14508,Blog de la Representante Luvi Katherine Miranda Peña,NA,1,FALSE
697,14935,Blog del Representante Mauricio Andrés Toro Orjuela,NA,1,FALSE
698,14050,Blog del Representante Wilmer Leal Pérez,NA,1,FALSE
699,14051,Blog de la Representante Neyla Ruíz Correa,NA,1,FALSE
700,13668,Blog del Representante César Augusto Ortíz Zorro,NA,1,FALSE
701,15294,Blog de la Representante Catalina Ortíz Lalinde,NA,1,FALSE
702,14631,Blog del Representante Jorge Alberto Gómez Gallego,NA,1,FALSE
703,13909,Blog de la Representante Milene Jarava Díaz,NA,1,FALSE
704,13926,Blog de la Representante María José Pizarro Rodríguez,NA,1,FALSE
705,13899,Blog del Representante David Ricardo Racero Mayorca,NA,1,FALSE
706,15612,Blog del Representante Edwin Fabian Díaz Plata,NA,1,FALSE
707,14151,Blog del Representante César Augusto Pachón Achury,NA,1,FALSE
708,14764,Blog de la Congresista Victoria Sandino Simanca Herrera,Blog de la Congresista Victoria Sandino Simanca Herrera,4,FALSE
