id,user_id,message
14657,2349,Your profile has been updated.
14783,2353,Your profile has been updated.
14784,2353,Your profile has been updated.
13986,2336,Your profile has been updated.
13989,2336,Your profile has been updated.
13990,2336,Your profile has been updated.
13900,2333,Your profile has been updated.
13901,2333,Your profile has been updated.
13902,2333,Your profile has been updated.
13903,2333,Your profile has been updated.
14637,2349,Your profile has been updated.
14638,2349,Your profile has been updated.
14639,2349,Your profile has been updated.
14640,2349,Your profile has been updated.
14641,2349,Your profile has been updated.
14642,2349,Your profile has been updated.
14643,2350,Your profile has been updated.
14644,2350,Your profile has been updated.
14645,2350,Your profile has been updated.
15396,2431,Your profile has been updated.
15633,2434,Your profile has been updated.
15634,2434,Your profile has been updated.
15635,2434,Your profile has been updated.
15644,2435,Your profile has been updated.
15588,2433,Your profile has been updated.
15589,2433,Your profile has been updated.
15590,2433,Your profile has been updated.
16893,2468,Your profile has been updated.
16894,2468,Your profile has been updated.
16837,2464,Your profile has been updated.
16781,2461,Your profile has been updated.
16982,2470,Your profile has been updated.
15986,2445,Your profile has been updated.
16460,2457,Your profile has been updated.
16461,2457,Your profile has been updated.
16462,2457,Your profile has been updated.
16378,2453,Your profile has been updated.
16379,2453,Your profile has been updated.
16463,2457,Your profile has been updated.
20382,2495,Your profile has been updated.
17534,2480,Your profile has been updated.
17535,2480,Your profile has been updated.
17726,2485,Your profile has been updated.
17728,2485,Your profile has been updated.
20373,2495,Your profile has been updated.
20837,2499,Your profile has been updated.
20384,2495,Your profile has been updated.
20385,2495,Your profile has been updated.
20772,2497,Your profile has been updated.
20773,2497,Your profile has been updated.
20775,2498,Your profile has been updated.
20776,2498,Your profile has been updated.
21623,2512,Your profile has been updated.
21939,2527,Your profile has been updated.
21635,2514,Your profile has been updated.
21781,2517,Your profile has been updated.
22230,2530,Your profile has been updated.
21796,2518,Your profile has been updated.
21798,2518,Your profile has been updated.
21625,2512,Your profile has been updated.
21634,2514,Your profile has been updated.
21434,2506,Your profile has been updated.
21443,2506,Your profile has been updated.
21780,2517,Your profile has been updated.
21624,2512,Your profile has been updated.
21627,2512,Your profile has been updated.
21495,2509,Your profile has been updated.
